{
  "overlap": 9115.302494,
  "overlapPerc": 0.0001088223019547496
}