{
"type": "FeatureCollection",
"name": "atoll_Woleai",
"crs": { "type": "name", "properties": { "name": "urn:ogc:def:crs:OGC:1.3:CRS84" } },
"features": [
{ "type": "Feature", "properties": { "resp_id": 11402.0, "sector": "Fishing", "number_of_ppl": 6.0, "rep_in_sector": 2.0, "island": "Falalop (Woleai)", "fishing_type": "Subsistence/Artisanal,Traditional", "fishing_method": "Bottom FIshing,Casting,Spear/Harpoon,Trolling" }, "geometry": { "type": "MultiPolygon", "coordinates": [ [ [ [ 143.91193109, 7.386341885 ], [ 143.91317642300001, 7.370294188 ], [ 143.91578748, 7.359965193 ], [ 143.913388645999987, 7.340482377 ], [ 143.945860257000021, 7.335632651 ], [ 143.940895743, 7.379519078 ], [ 143.935678703, 7.393863644 ], [ 143.91193109, 7.386341885 ] ] ] ] } },
{ "type": "Feature", "properties": { "resp_id": 11193.0, "sector": "Fishing", "number_of_ppl": 7.0, "rep_in_sector": 2.0, "island": "Falalop (Woleai)", "fishing_type": "Subsistence/Artisanal,Traditional", "fishing_method": "Bottom FIshing,Casting,Spear/Harpoon,Trolling" }, "geometry": { "type": "MultiPolygon", "coordinates": [ [ [ [ 143.912553437000014, 7.383499158 ], [ 143.916333933, 7.361462348 ], [ 143.913942191, 7.343404409 ], [ 143.939402671000011, 7.350138131 ], [ 143.935390716, 7.38426429 ], [ 143.912553437000014, 7.383499158 ] ] ] ] } },
{ "type": "Feature", "properties": { "resp_id": 11190.0, "sector": "Fishing", "number_of_ppl": 20.0, "rep_in_sector": 20.0, "island": "Falalop (Woleai)", "fishing_type": "Traditional", "fishing_method": "Bottom FIshing" }, "geometry": { "type": "MultiPolygon", "coordinates": [ [ [ [ 143.903921494, 7.339870279 ], [ 143.902326765999987, 7.337585651 ], [ 143.910891048, 7.336296882 ], [ 143.917506218, 7.341159037 ], [ 143.920105035, 7.347192723 ], [ 143.922526659, 7.355335139 ], [ 143.921109123, 7.363067367 ], [ 143.919573458, 7.368456416 ], [ 143.915025529, 7.366289089 ], [ 143.916620258, 7.360607127 ], [ 143.916561194, 7.355100827 ], [ 143.915261785000013, 7.35000451 ], [ 143.913253609, 7.345025292 ], [ 143.911245432000015, 7.341861996 ], [ 143.907760655, 7.339635959 ], [ 143.903921494, 7.339870279 ] ] ] ] } },
{ "type": "Feature", "properties": { "resp_id": 11190.0, "sector": "Fishing", "number_of_ppl": 20.0, "rep_in_sector": 20.0, "island": "Falalop (Woleai)", "fishing_type": "Traditional", "fishing_method": "Cast Net" }, "geometry": { "type": "MultiPolygon", "coordinates": [ [ [ [ 143.907643910876317, 7.366610620131704 ], [ 143.907627265, 7.366617287 ], [ 143.906270309, 7.365016005 ], [ 143.908778102000014, 7.36234151 ], [ 143.910186587999988, 7.359547753 ], [ 143.910444238, 7.355785343 ], [ 143.91050313, 7.351417006 ], [ 143.907561557, 7.343905861 ], [ 143.910922291, 7.341800699 ], [ 143.91272647400001, 7.344537407 ], [ 143.913929263, 7.347274099 ], [ 143.914849043, 7.350291457 ], [ 143.915768822, 7.354291179 ], [ 143.916318545, 7.356748597 ], [ 143.916389298000013, 7.359906229 ], [ 143.916247793, 7.361449952 ], [ 143.915434142, 7.363660274 ], [ 143.914620491, 7.366186342 ], [ 143.91094976208106, 7.364501513496538 ], [ 143.91090120000004, 7.3644098 ], [ 143.910786200000018, 7.3642799 ], [ 143.9105984, 7.3641536 ], [ 143.910429599999986, 7.3640587 ], [ 143.9103572, 7.3640378 ], [ 143.910307, 7.3640713 ], [ 143.9102762, 7.3641382 ], [ 143.910270700000012, 7.3642347 ], [ 143.9102052, 7.3643406 ], [ 143.9100995, 7.3644586 ], [ 143.9099517, 7.3645808 ], [ 143.9097123, 7.3649065 ], [ 143.909608767000037, 7.365061304923723 ], [ 143.908995684, 7.365765332 ], [ 143.908544450661509, 7.366234596404073 ], [ 143.908505121585847, 7.366265694049888 ], [ 143.907875318208198, 7.366517938702303 ], [ 143.9078533, 7.3665081 ], [ 143.9076762, 7.3665671 ], [ 143.907643910876317, 7.366610620131704 ] ], [ [ 143.9150094, 7.354951 ], [ 143.914574900000019, 7.3527641 ], [ 143.9143013, 7.3519493 ], [ 143.914125, 7.3513955 ], [ 143.913729499999988, 7.3500856 ], [ 143.9135822, 7.3495056 ], [ 143.912611700000014, 7.3464021 ], [ 143.9123162, 7.3457229 ], [ 143.9117551, 7.3445374 ], [ 143.9110282, 7.3437808 ], [ 143.9096745, 7.3434797 ], [ 143.9094165, 7.3434814 ], [ 143.9090003, 7.3435827 ], [ 143.9089066, 7.3440908 ], [ 143.9092498, 7.3444064 ], [ 143.9095543, 7.3448972 ], [ 143.9098138, 7.3451529 ], [ 143.9101679, 7.3457068 ], [ 143.910464100000013, 7.3459212 ], [ 143.910991599999988, 7.3477201 ], [ 143.911397599999987, 7.3487588 ], [ 143.9118375, 7.3503122 ], [ 143.912293, 7.350677 ], [ 143.912434600000012, 7.351573 ], [ 143.91248250000001, 7.3551845 ], [ 143.9124103, 7.355425 ], [ 143.912261300000011, 7.3555727 ], [ 143.912214299999988, 7.3559616 ], [ 143.9122849, 7.3562027 ], [ 143.912465200000014, 7.3563504 ], [ 143.912771, 7.356436 ], [ 143.913084700000013, 7.3564826 ], [ 143.913908, 7.3564671 ], [ 143.914640100000014, 7.3561235 ], [ 143.9149485, 7.3552992 ], [ 143.9150094, 7.354951 ] ], [ [ 143.910761799999989, 7.3623036 ], [ 143.9105049, 7.3628907 ], [ 143.910863, 7.3634448 ], [ 143.9113883, 7.3635869 ], [ 143.9126961, 7.3634263 ], [ 143.9137014, 7.3628494 ], [ 143.9143542, 7.362083 ], [ 143.9147395, 7.3611907 ], [ 143.9149932, 7.359556 ], [ 143.9149323, 7.3587662 ], [ 143.9144071, 7.357789 ], [ 143.9138874, 7.3576822 ], [ 143.913756799999987, 7.3573432 ], [ 143.9135683, 7.3571791 ], [ 143.9133103, 7.3571031 ], [ 143.913128300000039, 7.3568379 ], [ 143.9129063, 7.3567266 ], [ 143.9123644, 7.3567171 ], [ 143.912212, 7.3569815 ], [ 143.9122288, 7.3595562 ], [ 143.911289900000014, 7.3615362 ], [ 143.910761799999989, 7.3623036 ] ] ] ] } },
{ "type": "Feature", "properties": { "resp_id": 11211.0, "sector": "Community Recreational Use", "number_of_ppl": 20.0, "rep_in_sector": 20.0, "island": "Falalop (Woleai)", "fishing_type": null, "fishing_method": null }, "geometry": { "type": "MultiPolygon", "coordinates": [ [ [ [ 143.91234042104378, 7.356758701310568 ], [ 143.911698865, 7.356839681 ], [ 143.912000087, 7.355390222 ], [ 143.912244593302091, 7.35571093911729 ], [ 143.91222149933833, 7.355902029349044 ], [ 143.91218416800001, 7.356070694 ], [ 143.912262493039975, 7.356126179943591 ], [ 143.9122849, 7.3562027 ], [ 143.912465200000014, 7.3563504 ], [ 143.912771, 7.356436 ], [ 143.913084700000013, 7.3564826 ], [ 143.913343974437538, 7.356477718887083 ], [ 143.913753036, 7.356531257 ], [ 143.913670758, 7.356859044 ], [ 143.913642148121141, 7.357243389024794 ], [ 143.9135683, 7.3571791 ], [ 143.91334681988161, 7.35711385780512 ], [ 143.913300701880246, 7.357089114178105 ], [ 143.913128300000039, 7.3568379 ], [ 143.9129063, 7.3567266 ], [ 143.9123644, 7.3567171 ], [ 143.91234042104378, 7.356758701310568 ] ] ] ] } },
{ "type": "Feature", "properties": { "resp_id": 11211.0, "sector": "Fishing", "number_of_ppl": 20.0, "rep_in_sector": 1.0, "island": "Falalop (Woleai)", "fishing_type": "Subsistence/Artisanal", "fishing_method": "Bottom FIshing,Cast Net,Casting,Spear/Harpoon,Trolling" }, "geometry": { "type": "MultiPolygon", "coordinates": [ [ [ [ 143.914621735286516, 7.358188356271786 ], [ 143.914466018000013, 7.357773793 ], [ 143.91506567, 7.355156237 ], [ 143.914669923, 7.35264837 ], [ 143.913401084723546, 7.348926426467479 ], [ 143.912611700000014, 7.3464021 ], [ 143.9123162, 7.3457229 ], [ 143.911927961740588, 7.34490262547378 ], [ 143.910020937000013, 7.339784217 ], [ 143.916616913000013, 7.342059668 ], [ 143.914924902, 7.37582025 ], [ 143.912286511, 7.375763368 ], [ 143.911898927957225, 7.370554840171324 ], [ 143.911892, 7.3702939 ], [ 143.911906, 7.370157 ], [ 143.9119493, 7.3698849 ], [ 143.9120106, 7.3690902 ], [ 143.9119906, 7.3684365 ], [ 143.911939, 7.3679487 ], [ 143.911897310196053, 7.367742579513784 ], [ 143.911897681999989, 7.367670882 ], [ 143.911481052, 7.364939229 ], [ 143.91075552800001, 7.364056898 ], [ 143.910297162, 7.363954359 ], [ 143.909947627, 7.364467046 ], [ 143.909044982000012, 7.365421147 ], [ 143.908797478999986, 7.364687812 ], [ 143.908999018, 7.363464952 ], [ 143.909637605, 7.362892258 ], [ 143.910688926705461, 7.363175450829848 ], [ 143.910863, 7.3634448 ], [ 143.9113883, 7.3635869 ], [ 143.911957094959092, 7.363517051520136 ], [ 143.912038444, 7.363538964 ], [ 143.912100988123086, 7.363499381206266 ], [ 143.9126961, 7.3634263 ], [ 143.9137014, 7.3628494 ], [ 143.9143542, 7.362083 ], [ 143.914359926386481, 7.362069738531989 ], [ 143.915040224, 7.361639186 ], [ 143.915157235, 7.359614001 ], [ 143.914956455958588, 7.359079474164838 ], [ 143.9149323, 7.3587662 ], [ 143.914621735286516, 7.358188356271786 ] ] ] ] } },
{ "type": "Feature", "properties": { "resp_id": 11199.0, "sector": "Community Recreational Use", "number_of_ppl": 3.0, "rep_in_sector": 3.0, "island": "Falalop (Woleai)", "fishing_type": null, "fishing_method": null }, "geometry": { "type": "MultiPolygon", "coordinates": [ [ [ [ 143.912335401921638, 7.356767409030362 ], [ 143.912274444, 7.356757658 ], [ 143.911551468999988, 7.356867969 ], [ 143.911746115999989, 7.356068211 ], [ 143.91228028947765, 7.356186955009102 ], [ 143.9122849, 7.3562027 ], [ 143.912465200000014, 7.3563504 ], [ 143.912771, 7.356436 ], [ 143.913084700000013, 7.3564826 ], [ 143.913334626721792, 7.356477894870218 ], [ 143.913149292113815, 7.356868488528592 ], [ 143.913128300000039, 7.3568379 ], [ 143.9129063, 7.3567266 ], [ 143.9123644, 7.3567171 ], [ 143.912335401921638, 7.356767409030362 ] ] ] ] } },
{ "type": "Feature", "properties": { "resp_id": 11190.0, "sector": "Fishing", "number_of_ppl": 20.0, "rep_in_sector": 20.0, "island": "Falalop (Woleai)", "fishing_type": "Traditional", "fishing_method": "Spear/Harpoon" }, "geometry": { "type": "MultiPolygon", "coordinates": [ [ [ [ 143.910413831999989, 7.351242875 ], [ 143.910510767, 7.355184513 ], [ 143.910365365, 7.358308957 ], [ 143.909153681, 7.36143338 ], [ 143.907069584999988, 7.365807534 ], [ 143.90459775, 7.364461645 ], [ 143.906148705, 7.361625651 ], [ 143.908765942, 7.357251456 ], [ 143.908426671, 7.354848033 ], [ 143.907360389, 7.350425702 ], [ 143.905276292999986, 7.345426491 ], [ 143.907457324, 7.343744052 ], [ 143.910413831999989, 7.351242875 ] ] ] ] } },
{ "type": "Feature", "properties": { "resp_id": 11199.0, "sector": "Fishing", "number_of_ppl": 3.0, "rep_in_sector": 3.0, "island": "Falalop (Woleai)", "fishing_type": "Subsistence/Artisanal", "fishing_method": "Fish fence/Gill net" }, "geometry": { "type": "MultiPolygon", "coordinates": [ [ [ [ 143.884107465999989, 7.350355443 ], [ 143.90022921100001, 7.36038103 ], [ 143.906155042, 7.360467456 ], [ 143.902756403000012, 7.348367584 ], [ 143.907113632000033, 7.344823988 ], [ 143.911035137, 7.359862471 ], [ 143.903104982, 7.369628568 ], [ 143.890904742, 7.367640796 ], [ 143.8843689, 7.359689617 ], [ 143.884107465999989, 7.350355443 ] ] ] ] } },
{ "type": "Feature", "properties": { "resp_id": 11211.0, "sector": "Fishing", "number_of_ppl": 20.0, "rep_in_sector": 1.0, "island": "Falalop (Woleai)", "fishing_type": "Subsistence/Artisanal", "fishing_method": "Bottom FIshing,Casting,Cast Net,Spear/Harpoon,Trolling,Trap" }, "geometry": { "type": "MultiPolygon", "coordinates": [ [ [ [ 143.908968020577021, 7.343757739352386 ], [ 143.908937936, 7.343809349 ], [ 143.90868612700001, 7.344849372 ], [ 143.909928218, 7.34608875 ], [ 143.910887767, 7.347968639 ], [ 143.91187851, 7.352809268 ], [ 143.911660202, 7.358147091 ], [ 143.911248324000013, 7.360495755 ], [ 143.910352087, 7.362684297 ], [ 143.909114921999986, 7.36291838 ], [ 143.908531477, 7.363800792 ], [ 143.908293154, 7.364877311 ], [ 143.908646033999986, 7.36554123 ], [ 143.907814049, 7.365799945 ], [ 143.906830057, 7.366430491 ], [ 143.906127691, 7.366829216 ], [ 143.905593621, 7.365725782 ], [ 143.892282782, 7.345499954 ], [ 143.891222992, 7.34298033 ], [ 143.902396388, 7.338510618 ], [ 143.909509883, 7.338450726 ], [ 143.911339417467303, 7.344104733785901 ], [ 143.9110282, 7.3437808 ], [ 143.910227728388151, 7.343602753702874 ], [ 143.909310834, 7.343169647 ], [ 143.909081588579568, 7.343562914995042 ], [ 143.9090003, 7.3435827 ], [ 143.908968020577021, 7.343757739352386 ] ] ] ] } },
{ "type": "Feature", "properties": { "resp_id": 11193.0, "sector": "Fishing", "number_of_ppl": 7.0, "rep_in_sector": 2.0, "island": "Falalop (Woleai)", "fishing_type": "Subsistence/Artisanal,Traditional", "fishing_method": "Bottom FIshing,Casting,Cast Net,Spear/Harpoon,Trap,Trolling" }, "geometry": { "type": "MultiPolygon", "coordinates": [ [ [ [ 143.888018792999986, 7.3619219 ], [ 143.885241286, 7.357636929 ], [ 143.877680295, 7.349525979 ], [ 143.886776368, 7.335813665 ], [ 143.90985634, 7.346174761 ], [ 143.905483293, 7.367799757 ], [ 143.890420574, 7.366956462 ], [ 143.888018792999986, 7.3619219 ] ], [ [ 143.8904915, 7.3448338 ], [ 143.8909014, 7.3448343 ], [ 143.8910622, 7.3445722 ], [ 143.8909333, 7.3443814 ], [ 143.890674, 7.3443156 ], [ 143.890417500000012, 7.3443848 ], [ 143.890344700000014, 7.3446033 ], [ 143.8904915, 7.3448338 ] ] ] ] } },
{ "type": "Feature", "properties": { "resp_id": 11278.0, "sector": "Maritime Activity", "number_of_ppl": 6.0, "rep_in_sector": 6.0, "island": "Seliap", "fishing_type": null, "fishing_method": null }, "geometry": { "type": "MultiPolygon", "coordinates": [ [ [ [ 143.851388113735538, 7.372201379872112 ], [ 143.850018143, 7.37260842 ], [ 143.87730149, 7.339099582 ], [ 143.90629137900001, 7.368526447 ], [ 143.905278585, 7.369412987 ], [ 143.904837324, 7.369745516 ], [ 143.904414675, 7.369967305 ], [ 143.877846032, 7.342802976 ], [ 143.865325348, 7.356037707 ], [ 143.858867154, 7.36358267 ], [ 143.852840636, 7.371769807 ], [ 143.851940387259759, 7.372037289220321 ], [ 143.851744599999989, 7.372085 ], [ 143.8514883, 7.3720797 ], [ 143.851388113735538, 7.372201379872112 ] ] ] ] } },
{ "type": "Feature", "properties": { "resp_id": 11253.0, "sector": "Community Recreational Use", "number_of_ppl": 4.0, "rep_in_sector": 4.0, "island": "Tegailap", "fishing_type": null, "fishing_method": null }, "geometry": { "type": "MultiPolygon", "coordinates": [ [ [ [ 143.879935501, 7.356323298 ], [ 143.881569092, 7.357369447 ], [ 143.88117703, 7.357406479 ], [ 143.88050959200001, 7.356864888 ], [ 143.879692796, 7.356508457 ], [ 143.879935501, 7.356323298 ] ] ] ] } },
{ "type": "Feature", "properties": { "resp_id": 11291.0, "sector": "Community Recreational Use", "number_of_ppl": 6.0, "rep_in_sector": 6.0, "island": "Tegailap", "fishing_type": null, "fishing_method": null }, "geometry": { "type": "MultiPolygon", "coordinates": [ [ [ [ 143.881591359, 7.35762884 ], [ 143.881134756, 7.357196033 ], [ 143.880601378, 7.356807309 ], [ 143.879930615, 7.356506748 ], [ 143.879441686, 7.356382516 ], [ 143.879611397, 7.356270307 ], [ 143.87984576, 7.356246262 ], [ 143.880924637, 7.356763226 ], [ 143.881417607000031, 7.357228093 ], [ 143.881591359, 7.35762884 ] ] ] ] } },
{ "type": "Feature", "properties": { "resp_id": 11252.0, "sector": "Community Recreational Use", "number_of_ppl": 11.0, "rep_in_sector": 11.0, "island": "Tegailap", "fishing_type": null, "fishing_method": null }, "geometry": { "type": "MultiPolygon", "coordinates": [ [ [ [ 143.880436247851605, 7.356849055534125 ], [ 143.880369128000012, 7.356800913 ], [ 143.879601775, 7.356490157 ], [ 143.879806402000042, 7.356058902 ], [ 143.881520158, 7.357060934 ], [ 143.881085324999987, 7.357314613 ], [ 143.880751645878519, 7.357075278351277 ], [ 143.880487, 7.3568683 ], [ 143.880436247851605, 7.356849055534125 ] ] ] ] } },
{ "type": "Feature", "properties": { "resp_id": 11291.0, "sector": "Community Recreational Use", "number_of_ppl": 6.0, "rep_in_sector": 6.0, "island": "Tegailap", "fishing_type": null, "fishing_method": null }, "geometry": { "type": "MultiPolygon", "coordinates": [ [ [ [ 143.876920936141062, 7.356656936678913 ], [ 143.876796488999986, 7.356582001 ], [ 143.87681444, 7.356377258 ], [ 143.877272203, 7.356306044 ], [ 143.87786909, 7.356332749 ], [ 143.877608793, 7.356412866 ], [ 143.87736196, 7.356519688 ], [ 143.877227323999989, 7.356408415 ], [ 143.877052297, 7.356470728 ], [ 143.876958052, 7.356519688 ], [ 143.876922417038401, 7.356656636900651 ], [ 143.876920936141062, 7.356656936678913 ] ] ] ] } },
{ "type": "Feature", "properties": { "resp_id": 11277.0, "sector": "Maritime Activity", "number_of_ppl": 2.0, "rep_in_sector": 2.0, "island": "Seliap", "fishing_type": null, "fishing_method": null }, "geometry": { "type": "MultiPolygon", "coordinates": [ [ [ [ 143.851397707181548, 7.372189728285951 ], [ 143.850689925000012, 7.372439149 ], [ 143.876278647000021, 7.341445704 ], [ 143.906703078, 7.368105138 ], [ 143.906086935, 7.368655053 ], [ 143.905423829999989, 7.369264849 ], [ 143.904959598, 7.369729939 ], [ 143.90452799900001, 7.369946917 ], [ 143.876891355999987, 7.345622187 ], [ 143.870063787, 7.351889107 ], [ 143.864093301, 7.358297673 ], [ 143.852438023, 7.371823121 ], [ 143.851697648957582, 7.372084029115391 ], [ 143.8514883, 7.3720797 ], [ 143.851397707181548, 7.372189728285951 ] ] ] ] } },
{ "type": "Feature", "properties": { "resp_id": 11275.0, "sector": "Maritime Activity", "number_of_ppl": 18.0, "rep_in_sector": 18.0, "island": "Seliap", "fishing_type": null, "fishing_method": null }, "geometry": { "type": "MultiPolygon", "coordinates": [ [ [ [ 143.851404847656397, 7.372181055921136 ], [ 143.85111002, 7.372273784 ], [ 143.854060234, 7.367440953 ], [ 143.857284709, 7.361097008 ], [ 143.864586910000014, 7.34949699 ], [ 143.878033327, 7.341468964 ], [ 143.906295877, 7.368419225 ], [ 143.905487161, 7.369255991 ], [ 143.904678445, 7.369884376 ], [ 143.878185694, 7.344179704 ], [ 143.865948800000012, 7.350449914 ], [ 143.859373254, 7.361170959 ], [ 143.856115953999989, 7.366440751 ], [ 143.854990113000014, 7.368652531 ], [ 143.85328528, 7.371589624 ], [ 143.851712374125583, 7.372084333612651 ], [ 143.8514883, 7.3720797 ], [ 143.851404847656397, 7.372181055921136 ] ] ] ] } },
{ "type": "Feature", "properties": { "resp_id": 11402.0, "sector": "Fishing", "number_of_ppl": 6.0, "rep_in_sector": 2.0, "island": "Falalop (Woleai)", "fishing_type": "Subsistence/Artisanal,Traditional", "fishing_method": "Spear/Harpoon,Bottom FIshing,Casting,Cast Net,Trolling,Trap" }, "geometry": { "type": "MultiPolygon", "coordinates": [ [ [ [ 143.889325316, 7.365490079 ], [ 143.881973673, 7.35321796 ], [ 143.905047642999989, 7.343616595 ], [ 143.911332243, 7.355693385 ], [ 143.909600391999987, 7.363142228 ], [ 143.899035871, 7.369864126 ], [ 143.889325316, 7.365490079 ] ] ] ] } },
{ "type": "Feature", "properties": { "resp_id": 11253.0, "sector": "Community Recreational Use", "number_of_ppl": 4.0, "rep_in_sector": 4.0, "island": "Tegailap", "fishing_type": null, "fishing_method": null }, "geometry": { "type": "MultiPolygon", "coordinates": [ [ [ [ 143.88329768211031, 7.359314945182194 ], [ 143.883294176, 7.359279086 ], [ 143.883116814, 7.358989776 ], [ 143.883723577000012, 7.359304545 ], [ 143.883532153577704, 7.359610230208123 ], [ 143.88329768211031, 7.359314945182194 ] ] ], [ [ [ 143.883291497026164, 7.359994535381806 ], [ 143.883172823, 7.360184046 ], [ 143.882947932143168, 7.359942923992566 ], [ 143.883195199999989, 7.3600447 ], [ 143.883291497026164, 7.359994535381806 ] ] ] ] } },
{ "type": "Feature", "properties": { "resp_id": 11252.0, "sector": "Community Recreational Use", "number_of_ppl": 11.0, "rep_in_sector": 11.0, "island": "Tegailap", "fishing_type": null, "fishing_method": null }, "geometry": { "type": "MultiPolygon", "coordinates": [ [ [ [ 143.883238207499204, 7.359240041178924 ], [ 143.883186975, 7.359034489 ], [ 143.883839225, 7.359021805 ], [ 143.883591913177241, 7.359685489239762 ], [ 143.8832531, 7.3592588 ], [ 143.883238207499204, 7.359240041178924 ] ] ], [ [ [ 143.883521375523202, 7.359874783195088 ], [ 143.883404391, 7.360188721 ], [ 143.883007926, 7.360099934 ], [ 143.883089810526485, 7.360001321477353 ], [ 143.883195199999989, 7.3600447 ], [ 143.883521375523202, 7.359874783195088 ] ] ] ] } },
{ "type": "Feature", "properties": { "resp_id": 11252.0, "sector": "Community Recreational Use", "number_of_ppl": 11.0, "rep_in_sector": 11.0, "island": "Tegailap", "fishing_type": null, "fishing_method": null }, "geometry": { "type": "MultiPolygon", "coordinates": [ [ [ [ 143.879542091871514, 7.358944204497857 ], [ 143.87947547600001, 7.35910327 ], [ 143.878064864, 7.358854938 ], [ 143.876501545999986, 7.359048329 ], [ 143.876665258825398, 7.358735891963528 ], [ 143.8774462, 7.3586284 ], [ 143.8786215, 7.358764 ], [ 143.879542091871514, 7.358944204497857 ] ] ] ] } },
{ "type": "Feature", "properties": { "resp_id": 11253.0, "sector": "Community Recreational Use", "number_of_ppl": 4.0, "rep_in_sector": 4.0, "island": "Tegailap", "fishing_type": null, "fishing_method": null }, "geometry": { "type": "MultiPolygon", "coordinates": [ [ [ [ 143.880622939274048, 7.359313149889787 ], [ 143.88055473, 7.359507339 ], [ 143.878382251, 7.358820923 ], [ 143.878406874144332, 7.358739237820014 ], [ 143.8786215, 7.358764 ], [ 143.8798445, 7.3590034 ], [ 143.879871400000013, 7.359179 ], [ 143.880622939274048, 7.359313149889787 ] ] ] ] } },
{ "type": "Feature", "properties": { "resp_id": 11252.0, "sector": "Aquaculture & Mariculture", "number_of_ppl": 11.0, "rep_in_sector": 5.0, "island": "Tegailap", "fishing_type": null, "fishing_method": null }, "geometry": { "type": "MultiPolygon", "coordinates": [ [ [ [ 143.879682235926936, 7.358971637311888 ], [ 143.879493745, 7.359573993 ], [ 143.878148512, 7.359425755 ], [ 143.878575570000038, 7.358790444 ], [ 143.879396413670776, 7.358915688340325 ], [ 143.879682235926936, 7.358971637311888 ] ] ] ] } },
{ "type": "Feature", "properties": { "resp_id": 11253.0, "sector": "Aquaculture & Mariculture", "number_of_ppl": 4.0, "rep_in_sector": 2.0, "island": "Tegailap", "fishing_type": null, "fishing_method": null }, "geometry": { "type": "MultiPolygon", "coordinates": [ [ [ [ 143.880585377463916, 7.359306445131866 ], [ 143.880440107, 7.359738667 ], [ 143.879551739, 7.359414069 ], [ 143.879670442639792, 7.358969328810125 ], [ 143.879764156235211, 7.358987672965561 ], [ 143.879859716999988, 7.359118987 ], [ 143.879862347665551, 7.359119907453114 ], [ 143.879871400000013, 7.359179 ], [ 143.880585377463916, 7.359306445131866 ] ] ] ] } },
{ "type": "Feature", "properties": { "resp_id": 11193.0, "sector": "Maritime Activity", "number_of_ppl": 7.0, "rep_in_sector": 7.0, "island": "Falalop (Woleai)", "fishing_type": null, "fishing_method": null }, "geometry": { "type": "MultiPolygon", "coordinates": [ [ [ [ 143.84910577, 7.371370567 ], [ 143.86262167000001, 7.358809081 ], [ 143.879197774, 7.348608143 ], [ 143.906569596, 7.367324001 ], [ 143.904189438, 7.368672859 ], [ 143.878857751, 7.351811811 ], [ 143.865171839999988, 7.360242317 ], [ 143.858158873, 7.364963403 ], [ 143.851485929, 7.371201961 ], [ 143.84910577, 7.371370567 ] ] ] ] } },
{ "type": "Feature", "properties": { "resp_id": 11252.0, "sector": "Fishing", "number_of_ppl": 11.0, "rep_in_sector": 5.0, "island": "Tegailap", "fishing_type": "Subsistence/Artisanal,Traditional", "fishing_method": "Bottom FIshing,Casting,Trolling,Spear/Harpoon" }, "geometry": { "type": "MultiPolygon", "coordinates": [ [ [ [ 143.882833449, 7.362495024 ], [ 143.888192451, 7.358770756 ], [ 143.891087094, 7.363154526 ], [ 143.884515472, 7.367072726 ], [ 143.880525557999988, 7.364473528 ], [ 143.882833449, 7.362495024 ] ] ] ] } },
{ "type": "Feature", "properties": { "resp_id": 11253.0, "sector": "Fishing", "number_of_ppl": 4.0, "rep_in_sector": 2.0, "island": "Tegailap", "fishing_type": "Subsistence/Artisanal,Traditional", "fishing_method": "Bottom FIshing,Spear/Harpoon,Casting,Trolling" }, "geometry": { "type": "MultiPolygon", "coordinates": [ [ [ [ 143.872616004, 7.367774626 ], [ 143.883649185, 7.359966073 ], [ 143.889996597, 7.353784026 ], [ 143.895352116999987, 7.360102012 ], [ 143.879161976, 7.370373487 ], [ 143.872616004, 7.367774626 ] ] ] ] } },
{ "type": "Feature", "properties": { "resp_id": 11402.0, "sector": "Maritime Activity", "number_of_ppl": 6.0, "rep_in_sector": 6.0, "island": "Falalop (Woleai)", "fishing_type": null, "fishing_method": null }, "geometry": { "type": "MultiPolygon", "coordinates": [ [ [ [ 143.901756355, 7.370373887 ], [ 143.880810941, 7.356886597 ], [ 143.879287966, 7.356392835 ], [ 143.880010387, 7.355534046 ], [ 143.903266157, 7.370346642 ], [ 143.902570605, 7.370392369 ], [ 143.901756355, 7.370373887 ] ] ] ] } },
{ "type": "Feature", "properties": { "resp_id": 11253.0, "sector": "Maritime Activity", "number_of_ppl": 4.0, "rep_in_sector": 4.0, "island": "Tegailap", "fishing_type": null, "fishing_method": null }, "geometry": { "type": "MultiPolygon", "coordinates": [ [ [ [ 143.88032713066417, 7.356807679881578 ], [ 143.879530668, 7.356470773 ], [ 143.879750998, 7.356216221 ], [ 143.906010525, 7.368642238 ], [ 143.905159451, 7.369505283 ], [ 143.880514042755038, 7.356889450033057 ], [ 143.880487, 7.3568683 ], [ 143.88032713066417, 7.356807679881578 ] ] ] ] } },
{ "type": "Feature", "properties": { "resp_id": 11193.0, "sector": "Maritime Activity", "number_of_ppl": 7.0, "rep_in_sector": 7.0, "island": "Falalop (Woleai)", "fishing_type": null, "fishing_method": null }, "geometry": { "type": "MultiPolygon", "coordinates": [ [ [ [ 143.906115726, 7.368404057 ], [ 143.882662302, 7.358252441 ], [ 143.880873482, 7.356281227 ], [ 143.906910757, 7.366334329 ], [ 143.906115726, 7.368404057 ] ] ] ] } },
{ "type": "Feature", "properties": { "resp_id": 11252.0, "sector": "Maritime Activity", "number_of_ppl": 11.0, "rep_in_sector": 11.0, "island": "Tegailap", "fishing_type": null, "fishing_method": null }, "geometry": { "type": "MultiPolygon", "coordinates": [ [ [ [ 143.906875357, 7.367545394 ], [ 143.906521586, 7.368136042 ], [ 143.906025212, 7.36872669 ], [ 143.880500067000014, 7.356871837 ], [ 143.87880481, 7.356157843 ], [ 143.906875357, 7.367545394 ] ] ] ] } },
{ "type": "Feature", "properties": { "resp_id": 11211.0, "sector": "Maritime Activity", "number_of_ppl": 20.0, "rep_in_sector": 1.0, "island": "Falalop (Woleai)", "fishing_type": null, "fishing_method": null }, "geometry": { "type": "MultiPolygon", "coordinates": [ [ [ [ 143.900133075000014, 7.367939304 ], [ 143.899693684999988, 7.365341817 ], [ 143.899420628, 7.359616787 ], [ 143.897021714, 7.348979465 ], [ 143.90602786, 7.347686117 ], [ 143.905701846, 7.358618696 ], [ 143.90495185, 7.365080769 ], [ 143.90444591, 7.367943738 ], [ 143.90406421, 7.369193183 ], [ 143.902425265, 7.369688712 ], [ 143.900133075000014, 7.367939304 ] ] ] ] } },
{ "type": "Feature", "properties": { "resp_id": 11193.0, "sector": "Community Recreational Use", "number_of_ppl": 7.0, "rep_in_sector": 7.0, "island": "Falalop (Woleai)", "fishing_type": null, "fishing_method": null }, "geometry": { "type": "MultiPolygon", "coordinates": [ [ [ [ 143.909795599, 7.362692614 ], [ 143.910579055999989, 7.361421155 ], [ 143.911077619999986, 7.360017841 ], [ 143.911428989, 7.356985175 ], [ 143.91197978400001, 7.356928665 ], [ 143.912055755000011, 7.358774637 ], [ 143.911903812, 7.359942495 ], [ 143.911258053000012, 7.361411737 ], [ 143.910574308, 7.362617269 ], [ 143.909795599, 7.362692614 ] ] ] ] } },
{ "type": "Feature", "properties": { "resp_id": 11402.0, "sector": "Community Recreational Use", "number_of_ppl": 6.0, "rep_in_sector": 6.0, "island": "Falalop (Woleai)", "fishing_type": null, "fishing_method": null }, "geometry": { "type": "MultiPolygon", "coordinates": [ [ [ [ 143.910761799999989, 7.3623036 ], [ 143.910685360859588, 7.362478288458523 ], [ 143.910536549999989, 7.362747413 ], [ 143.909731287999989, 7.362619633 ], [ 143.910987497, 7.359680685 ], [ 143.911341811999989, 7.358418852 ], [ 143.911406233, 7.356837567 ], [ 143.911986022, 7.356901458 ], [ 143.912139021, 7.35881018 ], [ 143.911905495000013, 7.359888326 ], [ 143.911221023, 7.36150954 ], [ 143.910864362945688, 7.362154562565391 ], [ 143.910761799999989, 7.3623036 ] ] ] ] } },
{ "type": "Feature", "properties": { "resp_id": 11183.0, "sector": "Community Recreational Use", "number_of_ppl": 10.0, "rep_in_sector": 1.0, "island": "Falalop (Woleai)", "fishing_type": null, "fishing_method": null }, "geometry": { "type": "MultiPolygon", "coordinates": [ [ [ [ 143.910761799999989, 7.3623036 ], [ 143.9105049, 7.3628907 ], [ 143.91053044616686, 7.362930228486042 ], [ 143.910504249000013, 7.362981853 ], [ 143.910219216, 7.363075021 ], [ 143.910688857, 7.361600086 ], [ 143.911275908, 7.36043566 ], [ 143.911706412, 7.358747237 ], [ 143.911637082999988, 7.357531516 ], [ 143.911852335, 7.356735818 ], [ 143.912429076, 7.356489783 ], [ 143.913224310000032, 7.356625635 ], [ 143.91394834, 7.357188446 ], [ 143.914809349, 7.35765422 ], [ 143.915263887, 7.358596208 ], [ 143.915185614, 7.359624789 ], [ 143.915068203, 7.360916932 ], [ 143.914618131, 7.361964914 ], [ 143.91414849, 7.362721789 ], [ 143.913463597, 7.363265185 ], [ 143.912622156999987, 7.36355629 ], [ 143.911878559, 7.363692139 ], [ 143.910841435, 7.363769767 ], [ 143.910430499, 7.363420441 ], [ 143.910293521000028, 7.363226371 ], [ 143.91065275949083, 7.363119488093582 ], [ 143.910863, 7.3634448 ], [ 143.9113883, 7.3635869 ], [ 143.9126961, 7.3634263 ], [ 143.9137014, 7.3628494 ], [ 143.9143542, 7.362083 ], [ 143.9147395, 7.3611907 ], [ 143.914843024005137, 7.360523651053898 ], [ 143.914950793, 7.360215582 ], [ 143.914936500616591, 7.359921339970223 ], [ 143.9149932, 7.359556 ], [ 143.9149323, 7.3587662 ], [ 143.914740209410354, 7.358408792108282 ], [ 143.914661406, 7.358063609 ], [ 143.914475352027637, 7.357915991674349 ], [ 143.9144071, 7.357789 ], [ 143.914283203940414, 7.357763539025417 ], [ 143.914270038000012, 7.357753093 ], [ 143.913806057841043, 7.357471059239219 ], [ 143.913756799999987, 7.3573432 ], [ 143.9135683, 7.3571791 ], [ 143.913322643083461, 7.357106735951016 ], [ 143.913300308039823, 7.357088540296723 ], [ 143.913128300000039, 7.3568379 ], [ 143.9129063, 7.3567266 ], [ 143.912567686634276, 7.356720663875973 ], [ 143.912528454000011, 7.3567051 ], [ 143.912477686062715, 7.356719086061588 ], [ 143.9123644, 7.3567171 ], [ 143.912341654503564, 7.356756561370125 ], [ 143.912176222999989, 7.356802136 ], [ 143.91198054, 7.357035024 ], [ 143.91198054, 7.357520205 ], [ 143.912137086, 7.358199459 ], [ 143.912117518, 7.358839897 ], [ 143.912058812999987, 7.359402705 ], [ 143.911921834, 7.359946105 ], [ 143.911726151000011, 7.360353655 ], [ 143.911432625, 7.36099409 ], [ 143.911197805, 7.361615117 ], [ 143.911091697749271, 7.36182421478874 ], [ 143.910761799999989, 7.3623036 ] ] ] ] } },
{ "type": "Feature", "properties": { "resp_id": 11399.0, "sector": "Fishing", "number_of_ppl": 10.0, "rep_in_sector": 10.0, "island": "Falalop (Woleai)", "fishing_type": "Subsistence/Artisanal,Commercial", "fishing_method": "Bottom FIshing,Casting,Cast Net,Spear/Harpoon,Trolling" }, "geometry": { "type": "MultiPolygon", "coordinates": [ [ [ [ 143.911961711202622, 7.376013849749168 ], [ 143.911981718, 7.374406699 ], [ 143.912063247, 7.369551928 ], [ 143.912042781, 7.367228443 ], [ 143.914690654999987, 7.36544059 ], [ 143.916880471000013, 7.360084417 ], [ 143.914616454, 7.348015937 ], [ 143.911520411999987, 7.342111226 ], [ 143.906264867, 7.338713012 ], [ 143.91015549, 7.337164359 ], [ 143.917213923, 7.344333966 ], [ 143.92045998, 7.359754508 ], [ 143.914855122, 7.383694888 ], [ 143.912542468999987, 7.382386548 ], [ 143.91191957700002, 7.379398462 ], [ 143.911950389989954, 7.376923280260653 ], [ 143.91198, 7.3766402 ], [ 143.911985499999986, 7.3763695 ], [ 143.911961711202622, 7.376013849749168 ] ] ] ] } },
{ "type": "Feature", "properties": { "resp_id": 11199.0, "sector": "Fishing", "number_of_ppl": 3.0, "rep_in_sector": 3.0, "island": "Falalop (Woleai)", "fishing_type": "Subsistence/Artisanal", "fishing_method": "Bottom FIshing,Casting,Cast Net,Fish fence/Gill net,Spear/Harpoon,Trap,Trolling" }, "geometry": { "type": "MultiPolygon", "coordinates": [ [ [ [ 143.914751552857041, 7.361113038449147 ], [ 143.915307206, 7.359540542 ], [ 143.915307206, 7.354804136 ], [ 143.913688601, 7.348497805 ], [ 143.912508327267972, 7.346164500394844 ], [ 143.9123162, 7.3457229 ], [ 143.9117551, 7.3445374 ], [ 143.911607659783897, 7.344383935909435 ], [ 143.911128448, 7.343436557 ], [ 143.910103657066685, 7.343575156782707 ], [ 143.9096745, 7.3434797 ], [ 143.9094165, 7.3434814 ], [ 143.9090003, 7.3435827 ], [ 143.90897350421173, 7.34372800364278 ], [ 143.908501801, 7.343791798 ], [ 143.907785442, 7.341660347 ], [ 143.911725413999989, 7.340120958 ], [ 143.920918680999989, 7.352199092 ], [ 143.916262351, 7.384169034 ], [ 143.911486628, 7.381800969 ], [ 143.911577307410823, 7.380402112068047 ], [ 143.91164280000001, 7.3802286 ], [ 143.9116931, 7.3801536 ], [ 143.911743300000012, 7.3797343 ], [ 143.911786900000038, 7.3795781 ], [ 143.9118614, 7.379297 ], [ 143.9116759, 7.3791419 ], [ 143.911792100000014, 7.3786696 ], [ 143.9118655, 7.3782879 ], [ 143.9119177, 7.3776184 ], [ 143.9119236, 7.3771794 ], [ 143.91198, 7.3766402 ], [ 143.911985499999986, 7.3763695 ], [ 143.911927100000014, 7.3754964 ], [ 143.911925314946018, 7.375033526072204 ], [ 143.912561165, 7.365224161 ], [ 143.914248035000014, 7.362537982 ], [ 143.91465478832302, 7.361386880531841 ], [ 143.9147395, 7.3611907 ], [ 143.914751552857041, 7.361113038449147 ] ] ] ] } },
{ "type": "Feature", "properties": { "resp_id": 11211.0, "sector": "Community Recreational Use", "number_of_ppl": 20.0, "rep_in_sector": 20.0, "island": "Falalop (Woleai)", "fishing_type": null, "fishing_method": null }, "geometry": { "type": "MultiPolygon", "coordinates": [ [ [ [ 143.910968568299808, 7.363473357557703 ], [ 143.911172482000012, 7.363776705 ], [ 143.910961836000013, 7.364243677 ], [ 143.910690815081381, 7.364215751375419 ], [ 143.9105984, 7.3641536 ], [ 143.910429599999986, 7.3640587 ], [ 143.9103572, 7.3640378 ], [ 143.910307, 7.3640713 ], [ 143.9102762, 7.3641382 ], [ 143.910274226478805, 7.364172826331259 ], [ 143.910007735, 7.364145367 ], [ 143.910379463, 7.362596986 ], [ 143.910533288785587, 7.362825822481379 ], [ 143.9105049, 7.3628907 ], [ 143.910863, 7.3634448 ], [ 143.910968568299808, 7.363473357557703 ] ] ] ] } },
{ "type": "Feature", "properties": { "resp_id": 11199.0, "sector": "Community Recreational Use", "number_of_ppl": 3.0, "rep_in_sector": 3.0, "island": "Falalop (Woleai)", "fishing_type": null, "fishing_method": null }, "geometry": { "type": "MultiPolygon", "coordinates": [ [ [ [ 143.913139824705837, 7.363171665245306 ], [ 143.913590414, 7.365278348 ], [ 143.911698414, 7.366308712 ], [ 143.911646820578227, 7.366180781574865 ], [ 143.9116266, 7.3660341 ], [ 143.911466499999989, 7.36542 ], [ 143.911277899999988, 7.3649305 ], [ 143.911009799999988, 7.3646149 ], [ 143.91090120000004, 7.3644098 ], [ 143.910786200000018, 7.3642799 ], [ 143.910614248144412, 7.364164258262656 ], [ 143.910561408, 7.364082343 ], [ 143.910502871002109, 7.364099893247944 ], [ 143.910429599999986, 7.3640587 ], [ 143.9103572, 7.3640378 ], [ 143.910307, 7.3640713 ], [ 143.9102762, 7.3641382 ], [ 143.910274480583467, 7.364168367949154 ], [ 143.909340981000014, 7.364448243 ], [ 143.90959852200001, 7.362915739 ], [ 143.910834882657724, 7.363401293164697 ], [ 143.910863, 7.3634448 ], [ 143.911128635954299, 7.363516657824623 ], [ 143.911257892, 7.36356742 ], [ 143.911290728044605, 7.363560505659771 ], [ 143.9113883, 7.3635869 ], [ 143.9126961, 7.3634263 ], [ 143.913139824705837, 7.363171665245306 ] ] ] ] } },
{ "type": "Feature", "properties": { "resp_id": 11193.0, "sector": "Community Recreational Use", "number_of_ppl": 7.0, "rep_in_sector": 7.0, "island": "Falalop (Woleai)", "fishing_type": null, "fishing_method": null }, "geometry": { "type": "MultiPolygon", "coordinates": [ [ [ [ 143.902671020000014, 7.370240774 ], [ 143.903158918, 7.370211136 ], [ 143.903646817, 7.370068101 ], [ 143.904601824999986, 7.369689254 ], [ 143.905126105, 7.369342621 ], [ 143.905629595, 7.368872282 ], [ 143.906195454, 7.368391635 ], [ 143.906335132, 7.36840581 ], [ 143.905742637, 7.36895733 ], [ 143.905087774, 7.369632556 ], [ 143.904487483999986, 7.369934088 ], [ 143.903887193, 7.370194384 ], [ 143.902998451, 7.370395405 ], [ 143.902671020000014, 7.370240774 ] ] ] ] } },
{ "type": "Feature", "properties": { "resp_id": 11199.0, "sector": "Cultural Use", "number_of_ppl": 3.0, "rep_in_sector": 3.0, "island": "Falalop (Woleai)", "fishing_type": null, "fishing_method": null }, "geometry": { "type": "MultiPolygon", "coordinates": [ [ [ [ 143.901945232, 7.370273405 ], [ 143.902017101000013, 7.369821997 ], [ 143.904867894, 7.369251797 ], [ 143.90484393700001, 7.369750722 ], [ 143.903478432000014, 7.370273405 ], [ 143.902807657000011, 7.370368439 ], [ 143.901945232, 7.370273405 ] ] ] ] } },
{ "type": "Feature", "properties": { "resp_id": 11183.0, "sector": "Cultural Use", "number_of_ppl": 10.0, "rep_in_sector": 1.0, "island": "Falalop (Woleai)", "fishing_type": null, "fishing_method": null }, "geometry": { "type": "MultiPolygon", "coordinates": [ [ [ [ 143.902880605089649, 7.370445970965708 ], [ 143.902859306000011, 7.370367131 ], [ 143.903064879999988, 7.370314405 ], [ 143.903084332102651, 7.37044163760434 ], [ 143.902880605089649, 7.370445970965708 ] ] ] ] } },
{ "type": "Feature", "properties": { "resp_id": 11183.0, "sector": "Cultural Use", "number_of_ppl": 10.0, "rep_in_sector": 1.0, "island": "Falalop (Woleai)", "fishing_type": null, "fishing_method": null }, "geometry": { "type": "MultiPolygon", "coordinates": [ [ [ [ 143.90384924162521, 7.370294978947118 ], [ 143.903798864, 7.370161994 ], [ 143.904014819999986, 7.370097899 ], [ 143.904040092865131, 7.370221510474611 ], [ 143.90384924162521, 7.370294978947118 ] ] ] ] } },
{ "type": "Feature", "properties": { "resp_id": 11283.0, "sector": "Community Recreational Use", "number_of_ppl": 20.0, "rep_in_sector": 20.0, "island": "Falalop (Woleai)", "fishing_type": null, "fishing_method": null }, "geometry": { "type": "MultiPolygon", "coordinates": [ [ [ [ 143.902798904, 7.370246748 ], [ 143.903594500999986, 7.370131456 ], [ 143.903586337, 7.370264042 ], [ 143.90349929300001, 7.370274583 ], [ 143.903356933, 7.370319259 ], [ 143.903210862, 7.370350982 ], [ 143.90313239, 7.370376149 ], [ 143.903044498000014, 7.370361242 ], [ 143.903011682999988, 7.37036577 ], [ 143.902998844, 7.370390158 ], [ 143.902964145999988, 7.370404756 ], [ 143.902879991, 7.370397343 ], [ 143.902825373000013, 7.370413817 ], [ 143.902798904, 7.370246748 ] ] ] ] } },
{ "type": "Feature", "properties": { "resp_id": 11402.0, "sector": "Cultural Use", "number_of_ppl": 6.0, "rep_in_sector": 4.0, "island": "Falalop (Woleai)", "fishing_type": null, "fishing_method": null }, "geometry": { "type": "MultiPolygon", "coordinates": [ [ [ [ 143.903195554, 7.370382215 ], [ 143.901975844, 7.370463334 ], [ 143.900760945, 7.370382215 ], [ 143.90071283, 7.369174967 ], [ 143.903556415, 7.369069988 ], [ 143.903195554, 7.370382215 ] ] ] ] } },
{ "type": "Feature", "properties": { "resp_id": 11199.0, "sector": "Community Recreational Use", "number_of_ppl": 3.0, "rep_in_sector": 3.0, "island": "Falalop (Woleai)", "fishing_type": null, "fishing_method": null }, "geometry": { "type": "MultiPolygon", "coordinates": [ [ [ [ 143.900353769, 7.369160458 ], [ 143.903976646, 7.367821995 ], [ 143.907429337, 7.364868046 ], [ 143.907843332999988, 7.366211762 ], [ 143.907084776, 7.36702774 ], [ 143.906204656999989, 7.368494736 ], [ 143.904201295, 7.36990969 ], [ 143.902246558, 7.370203452 ], [ 143.900316133, 7.37028021 ], [ 143.900353769, 7.369160458 ] ] ] ] } },
{ "type": "Feature", "properties": { "resp_id": 11211.0, "sector": "Cultural Use", "number_of_ppl": 20.0, "rep_in_sector": 1.0, "island": "Falalop (Woleai)", "fishing_type": null, "fishing_method": null }, "geometry": { "type": "MultiPolygon", "coordinates": [ [ [ [ 143.907609376362501, 7.366657166647394 ], [ 143.907122138, 7.366951685 ], [ 143.906524569, 7.368141483 ], [ 143.904941693000012, 7.369584621 ], [ 143.903062313, 7.370272256 ], [ 143.902843356000034, 7.370272256 ], [ 143.901721202, 7.370407973 ], [ 143.900416584999988, 7.37025416 ], [ 143.909521541, 7.364716857 ], [ 143.908850984999987, 7.365906654 ], [ 143.907854843876123, 7.366508789871691 ], [ 143.9078533, 7.3665081 ], [ 143.9076762, 7.3665671 ], [ 143.907609376362501, 7.366657166647394 ] ] ] ] } },
{ "type": "Feature", "properties": { "resp_id": 11183.0, "sector": "Community Recreational Use", "number_of_ppl": 10.0, "rep_in_sector": 1.0, "island": "Falalop (Woleai)", "fishing_type": null, "fishing_method": null }, "geometry": { "type": "MultiPolygon", "coordinates": [ [ [ [ 143.8997735, 7.3701668 ], [ 143.899507, 7.3701251 ], [ 143.899499546758619, 7.370129232907024 ], [ 143.899604533, 7.369500939 ], [ 143.900891748, 7.369678276 ], [ 143.902124555, 7.369755903 ], [ 143.904384473, 7.369208254 ], [ 143.905402028, 7.368626052 ], [ 143.906302173, 7.367675119 ], [ 143.906517425, 7.366821219 ], [ 143.907515412, 7.366239013 ], [ 143.908428691000012, 7.365358927 ], [ 143.909759341000012, 7.363903406 ], [ 143.910275954722266, 7.364142503510289 ], [ 143.910270700000012, 7.3642347 ], [ 143.910210968527025, 7.364331273483113 ], [ 143.910132595060645, 7.364421653773309 ], [ 143.9100995, 7.3644586 ], [ 143.9099517, 7.3645808 ], [ 143.909713085274092, 7.364905431647719 ], [ 143.909504952, 7.36514545 ], [ 143.908957038000011, 7.365844099 ], [ 143.90833085, 7.366329271 ], [ 143.907893903917426, 7.36652624361218 ], [ 143.9078533, 7.3665081 ], [ 143.9076762, 7.3665671 ], [ 143.90761234178305, 7.366653169776957 ], [ 143.907469841, 7.366717408 ], [ 143.907039336999986, 7.367105545 ], [ 143.906784948, 7.367726563 ], [ 143.906432718, 7.368308767 ], [ 143.905395594, 7.369298512 ], [ 143.90412365, 7.370113594 ], [ 143.90308652600001, 7.370307661 ], [ 143.901207962, 7.370385288 ], [ 143.9000320274736, 7.370266015794082 ], [ 143.8997735, 7.3701668 ] ] ] ] } },
{ "type": "Feature", "properties": { "resp_id": 11402.0, "sector": "Community Recreational Use", "number_of_ppl": 6.0, "rep_in_sector": 6.0, "island": "Falalop (Woleai)", "fishing_type": null, "fishing_method": null }, "geometry": { "type": "MultiPolygon", "coordinates": [ [ [ [ 143.88732290314735, 7.366204823115752 ], [ 143.887806294, 7.366070147 ], [ 143.888921802999988, 7.366994209 ], [ 143.890311874, 7.367577902 ], [ 143.89163330400001, 7.368382835 ], [ 143.892242539, 7.368751264 ], [ 143.892800293, 7.368847399 ], [ 143.892602510700868, 7.369378304714837 ], [ 143.8925539, 7.3693653 ], [ 143.892500523685328, 7.369347534421648 ], [ 143.891103565, 7.368706816 ], [ 143.889815633000012, 7.36788551 ], [ 143.888699302, 7.367404572 ], [ 143.887900896, 7.366823735 ], [ 143.88753782666322, 7.366446946821569 ], [ 143.8874674, 7.3663342 ], [ 143.88732290314735, 7.366204823115752 ] ] ] ] } },
{ "type": "Feature", "properties": { "resp_id": 11193.0, "sector": "Community Recreational Use", "number_of_ppl": 7.0, "rep_in_sector": 7.0, "island": "Falalop (Woleai)", "fishing_type": null, "fishing_method": null }, "geometry": { "type": "MultiPolygon", "coordinates": [ [ [ [ 143.887380083095138, 7.366256019840521 ], [ 143.887357431, 7.366225753 ], [ 143.887441699000021, 7.365659361 ], [ 143.888377317, 7.366405693 ], [ 143.889285209, 7.366890804 ], [ 143.891017817, 7.367943516 ], [ 143.892959185, 7.368744709 ], [ 143.892527800000011, 7.3693518 ], [ 143.891668292, 7.36899609 ], [ 143.890767194, 7.368530392 ], [ 143.888826644, 7.367453689 ], [ 143.888646490000014, 7.367352931 ], [ 143.888078175, 7.366922211 ], [ 143.887690077, 7.366670221 ], [ 143.887612778629688, 7.366566938175847 ], [ 143.8874674, 7.3663342 ], [ 143.887380083095138, 7.366256019840521 ] ] ] ] } },
{ "type": "Feature", "properties": { "resp_id": 11283.0, "sector": "Fishing", "number_of_ppl": 20.0, "rep_in_sector": 20.0, "island": "Falalop (Woleai)", "fishing_type": "Subsistence/Artisanal", "fishing_method": "Spear/Harpoon,Trolling,Bottom FIshing" }, "geometry": { "type": "MultiPolygon", "coordinates": [ [ [ [ 143.887134533, 7.366085452 ], [ 143.886568437, 7.367662399 ], [ 143.886437301, 7.368191673 ], [ 143.885877947000012, 7.367973609 ], [ 143.886688156, 7.365904807 ], [ 143.88681754800001, 7.365519857 ], [ 143.887250451999989, 7.365669572 ], [ 143.887134533, 7.366085452 ] ] ] ] } },
{ "type": "Feature", "properties": { "resp_id": 11211.0, "sector": "Community Recreational Use", "number_of_ppl": 20.0, "rep_in_sector": 20.0, "island": "Falalop (Woleai)", "fishing_type": null, "fishing_method": null }, "geometry": { "type": "MultiPolygon", "coordinates": [ [ [ [ 143.892711020871104, 7.369407334182476 ], [ 143.892829866999989, 7.369071873 ], [ 143.893347975000012, 7.369174639 ], [ 143.892968029, 7.370544845 ], [ 143.892380841, 7.370339314 ], [ 143.892659514862686, 7.369552717517498 ], [ 143.892714800000022, 7.3695031 ], [ 143.8927332, 7.3694462 ], [ 143.8927165, 7.3694088 ], [ 143.892711020871104, 7.369407334182476 ] ] ] ] } },
{ "type": "Feature", "properties": { "resp_id": 11199.0, "sector": "Fishing", "number_of_ppl": 3.0, "rep_in_sector": 3.0, "island": "Falalop (Woleai)", "fishing_type": "Subsistence/Artisanal", "fishing_method": "Bottom FIshing,Casting,Cast Net,Fish fence/Gill net,Spear/Harpoon,Trolling" }, "geometry": { "type": "MultiPolygon", "coordinates": [ [ [ [ 143.867996091, 7.363828087 ], [ 143.878144502999987, 7.362288776 ], [ 143.886143839, 7.366433063 ], [ 143.886621412000011, 7.370577312 ], [ 143.891516528000011, 7.371879782 ], [ 143.893546210000011, 7.369156431 ], [ 143.898083147, 7.371287751 ], [ 143.905485518, 7.380878563 ], [ 143.910022454999989, 7.383009826 ], [ 143.908828524, 7.385141079 ], [ 143.88888988, 7.375550272 ], [ 143.867040947, 7.367617139 ], [ 143.867996091, 7.363828087 ] ] ] ] } },
{ "type": "Feature", "properties": { "resp_id": 11399.0, "sector": "Fishing", "number_of_ppl": 10.0, "rep_in_sector": 10.0, "island": "Falalop (Woleai)", "fishing_type": "Commercial,Subsistence/Artisanal,Traditional", "fishing_method": "Bottom FIshing,Casting,Spear/Harpoon,Trolling,Vertical Longline" }, "geometry": { "type": "MultiPolygon", "coordinates": [ [ [ [ 143.90393079, 7.382528034 ], [ 143.903146282, 7.383136215 ], [ 143.902318376000011, 7.383766539 ], [ 143.896396878, 7.378312119 ], [ 143.880596838, 7.37522845 ], [ 143.884848173, 7.368447226 ], [ 143.885882427000013, 7.371514347 ], [ 143.888876221, 7.372818484 ], [ 143.893791549000014, 7.372537889 ], [ 143.896343041, 7.37262402 ], [ 143.898695301, 7.37351666 ], [ 143.90188778000001, 7.376424205 ], [ 143.903632372, 7.379652062 ], [ 143.904672802, 7.381376461 ], [ 143.904731025, 7.381653629 ], [ 143.90393079, 7.382528034 ] ] ] ] } },
{ "type": "Feature", "properties": { "resp_id": 11199.0, "sector": "Cultural Use", "number_of_ppl": 3.0, "rep_in_sector": 3.0, "island": "Falalop (Woleai)", "fishing_type": null, "fishing_method": null }, "geometry": { "type": "MultiPolygon", "coordinates": [ [ [ [ 143.904986229, 7.378417496 ], [ 143.904178387, 7.376165602 ], [ 143.90450589, 7.376014032 ], [ 143.905357399, 7.378179316 ], [ 143.904986229, 7.378417496 ] ] ] ] } },
{ "type": "Feature", "properties": { "resp_id": 11283.0, "sector": "Fishing", "number_of_ppl": 20.0, "rep_in_sector": 20.0, "island": "Falalop (Woleai)", "fishing_type": "Subsistence/Artisanal", "fishing_method": "Bottom FIshing,Spear/Harpoon,Casting" }, "geometry": { "type": "MultiPolygon", "coordinates": [ [ [ [ 143.903216431013618, 7.374143768278884 ], [ 143.901676799, 7.375673908 ], [ 143.899984533, 7.374026129 ], [ 143.901510651, 7.372492115 ], [ 143.902391259000012, 7.373250195 ], [ 143.902479092761411, 7.373342215858561 ], [ 143.903216431013618, 7.374143768278884 ] ] ] ] } },
{ "type": "Feature", "properties": { "resp_id": 11283.0, "sector": "Community Recreational Use", "number_of_ppl": 20.0, "rep_in_sector": 20.0, "island": "Falalop (Woleai)", "fishing_type": null, "fishing_method": null }, "geometry": { "type": "MultiPolygon", "coordinates": [ [ [ [ 143.902803363789218, 7.373694727883691 ], [ 143.902550237000014, 7.373876396 ], [ 143.901800611999988, 7.373086947 ], [ 143.902020703, 7.372886856 ], [ 143.902206167004891, 7.373045520185287 ], [ 143.902274023676057, 7.373119286748566 ], [ 143.902408578, 7.373308164 ], [ 143.902569487, 7.373526885 ], [ 143.902737741519672, 7.373623390587593 ], [ 143.902803363789218, 7.373694727883691 ] ] ] ] } },
{ "type": "Feature", "properties": { "resp_id": 11183.0, "sector": "Fishing", "number_of_ppl": 10.0, "rep_in_sector": 10.0, "island": "Falalop (Woleai)", "fishing_type": "Subsistence/Artisanal,Traditional", "fishing_method": "Bottom FIshing,Casting,Spear/Harpoon,Trap,Trolling" }, "geometry": { "type": "MultiPolygon", "coordinates": [ [ [ [ 143.913992334779465, 7.362507837308302 ], [ 143.914721248, 7.362102305 ], [ 143.917077209000013, 7.362542523 ], [ 143.916906487, 7.364591217 ], [ 143.915984589, 7.366572184 ], [ 143.914991754999988, 7.370147731 ], [ 143.914640687, 7.37717129 ], [ 143.913889511, 7.381417152 ], [ 143.912045716, 7.384532391 ], [ 143.90842708400001, 7.3850099 ], [ 143.904944358, 7.382596484 ], [ 143.903066418, 7.379616678 ], [ 143.901325055, 7.377077054 ], [ 143.898764226999987, 7.374198797 ], [ 143.895657089999986, 7.373284523 ], [ 143.895588801, 7.371726865 ], [ 143.895930244999988, 7.370203067 ], [ 143.897065545, 7.368636933 ], [ 143.898610577999989, 7.368391432 ], [ 143.899173960000013, 7.370406241 ], [ 143.899412971, 7.370914174 ], [ 143.900130002, 7.371422107 ], [ 143.900357768987391, 7.371524119524444 ], [ 143.9005511, 7.3716691 ], [ 143.901086600000014, 7.3720117 ], [ 143.901356255591338, 7.372228959524897 ], [ 143.901427488000024, 7.372370247 ], [ 143.902553725703115, 7.373423348707309 ], [ 143.902865709089639, 7.373762502790121 ], [ 143.903306882526152, 7.374261078092495 ], [ 143.9037504, 7.3748955 ], [ 143.903962799999988, 7.3752305 ], [ 143.904030799999987, 7.3753974 ], [ 143.9041512, 7.375576 ], [ 143.9043225, 7.3756858 ], [ 143.9046232, 7.3760485 ], [ 143.904755200000011, 7.3762762 ], [ 143.9048735, 7.3765789 ], [ 143.905206018032118, 7.37732634314513 ], [ 143.905593101, 7.378837862 ], [ 143.905709539095795, 7.379155415294862 ], [ 143.90573040000001, 7.3793546 ], [ 143.9058245, 7.3797001 ], [ 143.9060503, 7.3801024 ], [ 143.906064811701327, 7.380124321871066 ], [ 143.906139411, 7.38032777 ], [ 143.906304867577035, 7.380486958082904 ], [ 143.90661, 7.3809479 ], [ 143.9073947, 7.3816286 ], [ 143.907877, 7.381912 ], [ 143.908424200000013, 7.3821955 ], [ 143.908916799999986, 7.3823164 ], [ 143.9093795, 7.3822754 ], [ 143.909692799999988, 7.3822233 ], [ 143.9099414, 7.3821296 ], [ 143.910189900000034, 7.3820109 ], [ 143.910430076883841, 7.381852990817878 ], [ 143.910544034999987, 7.381817674 ], [ 143.910672396452981, 7.381668237835489 ], [ 143.9107196, 7.3816313 ], [ 143.9109814, 7.3813969 ], [ 143.911240099999986, 7.3810904 ], [ 143.9114543, 7.380728 ], [ 143.911616479258498, 7.380298332583382 ], [ 143.911665943563293, 7.380194091708692 ], [ 143.9116931, 7.3801536 ], [ 143.911695780093368, 7.380131214300236 ], [ 143.911875665, 7.379752125 ], [ 143.912114675999987, 7.377686566 ], [ 143.91214882, 7.375248517 ], [ 143.912012243, 7.372505696 ], [ 143.911945887921263, 7.369906341735613 ], [ 143.9119493, 7.3698849 ], [ 143.91198452963215, 7.369428179490083 ], [ 143.912114675999987, 7.368137465 ], [ 143.911875665, 7.366782966 ], [ 143.91160251, 7.365767089 ], [ 143.911124489, 7.364480308 ], [ 143.910509889999986, 7.363938504 ], [ 143.910371028006608, 7.364041791787489 ], [ 143.9103572, 7.3640378 ], [ 143.910307, 7.3640713 ], [ 143.910294315484947, 7.36409885175783 ], [ 143.910100158, 7.364243269 ], [ 143.908802672, 7.365902539 ], [ 143.90784663, 7.366342753 ], [ 143.906958876, 7.366986141 ], [ 143.906958876, 7.367519919121512 ], [ 143.906906600000013, 7.3676534 ], [ 143.906868037251542, 7.36785114985911 ], [ 143.906173555, 7.368509951 ], [ 143.904467015, 7.369795376 ], [ 143.902623219, 7.370235585 ], [ 143.900574557, 7.370235585 ], [ 143.899587486425446, 7.370137693953439 ], [ 143.899507, 7.3701251 ], [ 143.899499945004322, 7.370129012075257 ], [ 143.899208781999988, 7.370100136 ], [ 143.898946548999987, 7.368400758 ], [ 143.903043874, 7.368671657 ], [ 143.905024247, 7.366809222 ], [ 143.905877855999989, 7.365048367 ], [ 143.906970476, 7.362610248 ], [ 143.908165529, 7.361188006 ], [ 143.909667881, 7.361932991 ], [ 143.910630923767229, 7.363085700942706 ], [ 143.910863, 7.3634448 ], [ 143.9113883, 7.3635869 ], [ 143.9126961, 7.3634263 ], [ 143.9137014, 7.3628494 ], [ 143.913992334779465, 7.362507837308302 ] ] ] ] } },
{ "type": "Feature", "properties": { "resp_id": 11193.0, "sector": "Construction & Infrastructure", "number_of_ppl": 7.0, "rep_in_sector": 6.0, "island": "Falalop (Woleai)", "fishing_type": null, "fishing_method": null }, "geometry": { "type": "MultiPolygon", "coordinates": [ [ [ [ 143.910783266611674, 7.364277927227212 ], [ 143.91069961, 7.364073073 ], [ 143.911737886, 7.365102784 ], [ 143.91227841700001, 7.368094843 ], [ 143.912472855, 7.371577233 ], [ 143.912416756999988, 7.379277503 ], [ 143.911473938668081, 7.380675970608924 ], [ 143.911522911623251, 7.380546224836503 ], [ 143.911589561, 7.380450083 ], [ 143.911593757247147, 7.380358530889525 ], [ 143.91164280000001, 7.3802286 ], [ 143.9116931, 7.3801536 ], [ 143.911743300000012, 7.3797343 ], [ 143.911786900000038, 7.3795781 ], [ 143.9118614, 7.379297 ], [ 143.9116759, 7.3791419 ], [ 143.911792100000014, 7.3786696 ], [ 143.9118655, 7.3782879 ], [ 143.9119177, 7.3776184 ], [ 143.9119236, 7.3771794 ], [ 143.91198, 7.3766402 ], [ 143.911985499999986, 7.3763695 ], [ 143.911958475926127, 7.375965481270186 ], [ 143.912034536000021, 7.375154599 ], [ 143.911926805673659, 7.370026255843407 ], [ 143.9119493, 7.3698849 ], [ 143.9120106, 7.3690902 ], [ 143.9119906, 7.3684365 ], [ 143.911939, 7.3679487 ], [ 143.911786799999987, 7.3671962 ], [ 143.911709001388573, 7.366631845173169 ], [ 143.911700805, 7.366524737 ], [ 143.911690888713508, 7.366500454758724 ], [ 143.9116266, 7.3660341 ], [ 143.911466499999989, 7.36542 ], [ 143.911277899999988, 7.3649305 ], [ 143.911009799999988, 7.3646149 ], [ 143.91090120000004, 7.3644098 ], [ 143.910786200000018, 7.3642799 ], [ 143.910783266611674, 7.364277927227212 ] ] ], [ [ [ 143.911013698323444, 7.381358633946565 ], [ 143.909957079, 7.382925882 ], [ 143.909265799999986, 7.382411377 ], [ 143.910205193, 7.382068148 ], [ 143.910406549246773, 7.381868459552522 ], [ 143.910469, 7.3818274 ], [ 143.9107196, 7.3816313 ], [ 143.9109814, 7.3813969 ], [ 143.911013698323444, 7.381358633946565 ] ] ] ] } },
{ "type": "Feature", "properties": { "resp_id": 11402.0, "sector": "Fishing", "number_of_ppl": 6.0, "rep_in_sector": 2.0, "island": "Falalop (Woleai)", "fishing_type": "Subsistence/Artisanal,Traditional", "fishing_method": "Bottom FIshing,Casting,Spear/Harpoon,Trolling" }, "geometry": { "type": "MultiPolygon", "coordinates": [ [ [ [ 143.93859781, 7.37972759 ], [ 143.936321604, 7.403203423 ], [ 143.89717085800001, 7.409523626 ], [ 143.850736253, 7.389810312 ], [ 143.871829096999988, 7.361818905 ], [ 143.909614118, 7.386349105 ], [ 143.93859781, 7.37972759 ] ] ] ] } },
{ "type": "Feature", "properties": { "resp_id": 11399.0, "sector": "Fishing", "number_of_ppl": 10.0, "rep_in_sector": 10.0, "island": "Falalop (Woleai)", "fishing_type": "Commercial,Subsistence/Artisanal,Traditional", "fishing_method": "Bottom FIshing,Casting,Spear/Harpoon,Trolling" }, "geometry": { "type": "MultiPolygon", "coordinates": [ [ [ [ 143.908552485, 7.384264378 ], [ 143.91048467600001, 7.384250435 ], [ 143.912115621999988, 7.382916581 ], [ 143.907678344, 7.399340333 ], [ 143.900662807, 7.394988325 ], [ 143.902429926999986, 7.384014852 ], [ 143.905071025000012, 7.381742249 ], [ 143.908552485, 7.384264378 ] ] ] ] } },
{ "type": "Feature", "properties": { "resp_id": 11283.0, "sector": "Fishing", "number_of_ppl": 20.0, "rep_in_sector": 20.0, "island": "Falalop (Woleai)", "fishing_type": "Subsistence/Artisanal", "fishing_method": "Spear/Harpoon,Trolling" }, "geometry": { "type": "MultiPolygon", "coordinates": [ [ [ [ 143.904883948, 7.38169465 ], [ 143.908820403, 7.384574731 ], [ 143.911599556, 7.383851738 ], [ 143.912589343, 7.384738796 ], [ 143.91039978, 7.39076037 ], [ 143.904175979, 7.392258704 ], [ 143.902678296, 7.388009631 ], [ 143.904883948, 7.38169465 ] ] ] ] } },
{ "type": "Feature", "properties": { "resp_id": 11402.0, "sector": "Construction & Infrastructure", "number_of_ppl": 6.0, "rep_in_sector": 4.0, "island": "Falalop (Woleai)", "fishing_type": null, "fishing_method": null }, "geometry": { "type": "MultiPolygon", "coordinates": [ [ [ [ 143.91179730697047, 7.379243410646921 ], [ 143.911771505, 7.378880085 ], [ 143.912098271, 7.37887028 ], [ 143.911856918000041, 7.380318934 ], [ 143.911633917614807, 7.38025213245773 ], [ 143.91164280000001, 7.3802286 ], [ 143.9116931, 7.3801536 ], [ 143.911743300000012, 7.3797343 ], [ 143.911777626262193, 7.379611323813511 ], [ 143.911814872, 7.379490749 ], [ 143.911813853114523, 7.379476401781089 ], [ 143.9118614, 7.379297 ], [ 143.91179730697047, 7.379243410646921 ] ] ] ] } },
{ "type": "Feature", "properties": { "resp_id": 11190.0, "sector": "Aquaculture & Mariculture", "number_of_ppl": 20.0, "rep_in_sector": 20.0, "island": "Falalop (Woleai)", "fishing_type": null, "fishing_method": null }, "geometry": { "type": "MultiPolygon", "coordinates": [ [ [ [ 143.91182355506723, 7.379439794819331 ], [ 143.911844517, 7.379398848 ], [ 143.913337565, 7.37963264 ], [ 143.912276715, 7.382477096 ], [ 143.910508631999988, 7.383879835 ], [ 143.908622677000011, 7.384191554 ], [ 143.906658141, 7.383334326 ], [ 143.904025662, 7.379905397 ], [ 143.902100416, 7.376710234 ], [ 143.904161410198867, 7.375582544544123 ], [ 143.9043225, 7.3756858 ], [ 143.9046232, 7.3760485 ], [ 143.904744287435051, 7.376257375835771 ], [ 143.904768021206195, 7.376309006269254 ], [ 143.9048735, 7.3765789 ], [ 143.9052072, 7.377329 ], [ 143.9055434, 7.3781706 ], [ 143.9056651, 7.3787311 ], [ 143.90573040000001, 7.3793546 ], [ 143.9058245, 7.3797001 ], [ 143.906032086287837, 7.380069949294378 ], [ 143.906108071, 7.380411945 ], [ 143.906402460117846, 7.380634384341894 ], [ 143.90661, 7.3809479 ], [ 143.9073947, 7.3816286 ], [ 143.907877, 7.381912 ], [ 143.908424200000013, 7.3821955 ], [ 143.908489881571853, 7.382211620420784 ], [ 143.908583386, 7.382282271 ], [ 143.908695905932859, 7.38226218551398 ], [ 143.908916799999986, 7.3823164 ], [ 143.9093795, 7.3822754 ], [ 143.909692799999988, 7.3822233 ], [ 143.9099414, 7.3821296 ], [ 143.910189900000034, 7.3820109 ], [ 143.910222061902886, 7.381989754516156 ], [ 143.910547923, 7.381931585 ], [ 143.910689653221567, 7.381654734027869 ], [ 143.9107196, 7.3816313 ], [ 143.9109814, 7.3813969 ], [ 143.911240099999986, 7.3810904 ], [ 143.9114543, 7.380728 ], [ 143.91164280000001, 7.3802286 ], [ 143.9116931, 7.3801536 ], [ 143.911743300000012, 7.3797343 ], [ 143.911786900000038, 7.3795781 ], [ 143.91182355506723, 7.379439794819331 ] ] ] ] } },
{ "type": "Feature", "properties": { "resp_id": 11402.0, "sector": "Cultural Use", "number_of_ppl": 6.0, "rep_in_sector": 4.0, "island": "Falalop (Woleai)", "fishing_type": null, "fishing_method": null }, "geometry": { "type": "MultiPolygon", "coordinates": [ [ [ [ 143.911779934844532, 7.379603053156517 ], [ 143.911847112, 7.379428663 ], [ 143.912535461, 7.379314889 ], [ 143.910722809, 7.382546076 ], [ 143.908611873000012, 7.382796378 ], [ 143.90596173, 7.380964613 ], [ 143.904642394, 7.378063366 ], [ 143.903495146000012, 7.37467286 ], [ 143.904011303251849, 7.375349546965927 ], [ 143.904030799999987, 7.3753974 ], [ 143.9041512, 7.375576 ], [ 143.904215447770127, 7.375617181596981 ], [ 143.90467107500001, 7.37621451 ], [ 143.90543399500001, 7.37812024 ], [ 143.905688472313813, 7.37895426463906 ], [ 143.90573040000001, 7.3793546 ], [ 143.9058245, 7.3797001 ], [ 143.906025085291219, 7.380057475872979 ], [ 143.906036301, 7.380094234 ], [ 143.906068099050856, 7.380129287853038 ], [ 143.90661, 7.3809479 ], [ 143.9073947, 7.3816286 ], [ 143.907877, 7.381912 ], [ 143.908424200000013, 7.3821955 ], [ 143.908916799999986, 7.3823164 ], [ 143.908950955416458, 7.382313373493789 ], [ 143.909082244, 7.382375415 ], [ 143.909412701353659, 7.382269878815503 ], [ 143.909692799999988, 7.3822233 ], [ 143.9099414, 7.3821296 ], [ 143.910189900000034, 7.3820109 ], [ 143.910469, 7.3818274 ], [ 143.910499682338809, 7.381803390413329 ], [ 143.911066984, 7.381453846 ], [ 143.911179190190694, 7.38116256416664 ], [ 143.911240099999986, 7.3810904 ], [ 143.9114543, 7.380728 ], [ 143.91164280000001, 7.3802286 ], [ 143.9116931, 7.3801536 ], [ 143.911743300000012, 7.3797343 ], [ 143.911779934844532, 7.379603053156517 ] ] ] ] } },
{ "type": "Feature", "properties": { "resp_id": 11399.0, "sector": "Construction & Infrastructure", "number_of_ppl": 10.0, "rep_in_sector": 10.0, "island": "Falalop (Woleai)", "fishing_type": null, "fishing_method": null }, "geometry": { "type": "MultiPolygon", "coordinates": [ [ [ [ 143.905542677, 7.37822685 ], [ 143.905662361, 7.378891967 ], [ 143.905607666, 7.378903547 ], [ 143.90547383, 7.378242821 ], [ 143.905542677, 7.37822685 ] ] ] ] } },
{ "type": "Feature", "properties": { "resp_id": 11275.0, "sector": "Fishing", "number_of_ppl": 18.0, "rep_in_sector": 5.0, "island": "Seliap", "fishing_type": "Subsistence/Artisanal,Traditional", "fishing_method": "Bottom FIshing,Trolling" }, "geometry": { "type": "MultiPolygon", "coordinates": [ [ [ [ 143.846437990999988, 7.37774972 ], [ 143.852380697, 7.376804944 ], [ 143.858323403000014, 7.375860168 ], [ 143.863358825, 7.370056577 ], [ 143.868394247999987, 7.369291782 ], [ 143.889080308, 7.388906752 ], [ 143.874563774, 7.409240618 ], [ 143.82647775800001, 7.401503063 ], [ 143.815227443999987, 7.378289582 ], [ 143.846437990999988, 7.37774972 ] ] ] ] } },
{ "type": "Feature", "properties": { "resp_id": 11278.0, "sector": "Fishing", "number_of_ppl": 6.0, "rep_in_sector": 2.0, "island": "Seliap", "fishing_type": "Subsistence/Artisanal,Traditional", "fishing_method": "Bottom FIshing,Spear/Harpoon,Trolling" }, "geometry": { "type": "MultiPolygon", "coordinates": [ [ [ [ 143.84680717300003, 7.380244659 ], [ 143.871543094, 7.371339357 ], [ 143.904755934, 7.387304087 ], [ 143.900011243, 7.406965124 ], [ 143.857309018000024, 7.405620738 ], [ 143.813590075, 7.39553825 ], [ 143.816060284, 7.372813182 ], [ 143.84680717300003, 7.380244659 ] ] ] ] } },
{ "type": "Feature", "properties": { "resp_id": 11294.0, "sector": "Aquaculture & Mariculture", "number_of_ppl": 9.0, "rep_in_sector": 9.0, "island": "Wottegai", "fishing_type": null, "fishing_method": null }, "geometry": { "type": "MultiPolygon", "coordinates": [ [ [ [ 143.833422579, 7.366443088 ], [ 143.833688147, 7.366545004 ], [ 143.833561361, 7.366787204 ], [ 143.833310472000022, 7.366702493 ], [ 143.833422579, 7.366443088 ] ] ] ] } },
{ "type": "Feature", "properties": { "resp_id": 11270.0, "sector": "Fishing", "number_of_ppl": 12.0, "rep_in_sector": 5.0, "island": "Wottegai", "fishing_type": "Subsistence/Artisanal", "fishing_method": "Bottom FIshing,Casting,Cast Net,Spear/Harpoon,Trolling" }, "geometry": { "type": "MultiPolygon", "coordinates": [ [ [ [ 143.825996509, 7.372050361 ], [ 143.847099005, 7.380770301 ], [ 143.833909946, 7.400950069 ], [ 143.801038915, 7.384033939 ], [ 143.813097484999986, 7.348156782 ], [ 143.825996509, 7.372050361 ] ] ] ] } },
{ "type": "Feature", "properties": { "resp_id": 11273.0, "sector": "Fishing", "number_of_ppl": 8.0, "rep_in_sector": 1.0, "island": "Wottegai", "fishing_type": "Subsistence/Artisanal,Traditional", "fishing_method": "Bottom FIshing,Casting,Spear/Harpoon,Trolling" }, "geometry": { "type": "MultiPolygon", "coordinates": [ [ [ [ 143.828443411, 7.371897436 ], [ 143.835190954000012, 7.375663922 ], [ 143.842169840999986, 7.37744201 ], [ 143.843943481, 7.387880916 ], [ 143.826322753999989, 7.388263289 ], [ 143.817223211, 7.376868437 ], [ 143.817454555000012, 7.366543989 ], [ 143.825127474999988, 7.36451731 ], [ 143.828443411, 7.371897436 ] ] ] ] } },
{ "type": "Feature", "properties": { "resp_id": 11273.0, "sector": "Community Recreational Use", "number_of_ppl": 8.0, "rep_in_sector": 8.0, "island": "Wottegai", "fishing_type": null, "fishing_method": null }, "geometry": { "type": "MultiPolygon", "coordinates": [ [ [ [ 143.840982607418169, 7.371938169155587 ], [ 143.840645532999986, 7.371795311 ], [ 143.840135389000011, 7.371656938 ], [ 143.84024677, 7.37153419 ], [ 143.841271418, 7.371828233 ], [ 143.841179240075547, 7.371974204822969 ], [ 143.840982607418169, 7.371938169155587 ] ] ] ] } },
{ "type": "Feature", "properties": { "resp_id": 11272.0, "sector": "Community Recreational Use", "number_of_ppl": 3.0, "rep_in_sector": 3.0, "island": "Wottegai", "fishing_type": null, "fishing_method": null }, "geometry": { "type": "MultiPolygon", "coordinates": [ [ [ [ 143.841028027193147, 7.371946492968774 ], [ 143.840665926000014, 7.371807939 ], [ 143.840895575, 7.371461361 ], [ 143.842473168, 7.371946571 ], [ 143.842330578626473, 7.37218520177329 ], [ 143.841028027193147, 7.371946492968774 ] ] ] ] } },
{ "type": "Feature", "properties": { "resp_id": 11270.0, "sector": "Cultural Use", "number_of_ppl": 12.0, "rep_in_sector": 6.0, "island": "Wottegai", "fishing_type": null, "fishing_method": null }, "geometry": { "type": "MultiPolygon", "coordinates": [ [ [ [ 143.840841534, 7.37159439 ], [ 143.841752657, 7.371790301 ], [ 143.841680645, 7.372011443 ], [ 143.840834027, 7.371783546 ], [ 143.840841534, 7.37159439 ] ] ] ] } },
{ "type": "Feature", "properties": { "resp_id": 11273.0, "sector": "Community Recreational Use", "number_of_ppl": 8.0, "rep_in_sector": 8.0, "island": "Wottegai", "fishing_type": null, "fishing_method": null }, "geometry": { "type": "MultiPolygon", "coordinates": [ [ [ [ 143.842387129307355, 7.37219556530007 ], [ 143.842505354999986, 7.372068267 ], [ 143.843311992999986, 7.37274716 ], [ 143.843063462, 7.373170927 ], [ 143.842766633524747, 7.373046980059076 ], [ 143.842788920627868, 7.372985089371173 ], [ 143.842856352000013, 7.372928775 ], [ 143.842937016, 7.372712567 ], [ 143.842871602623461, 7.37265882934696 ], [ 143.842887499999989, 7.3725881 ], [ 143.8424779, 7.3722122 ], [ 143.842387129307355, 7.37219556530007 ] ] ] ] } },
{ "type": "Feature", "properties": { "resp_id": 11272.0, "sector": "Maritime Activity", "number_of_ppl": 3.0, "rep_in_sector": 3.0, "island": "Wottegai", "fishing_type": null, "fishing_method": null }, "geometry": { "type": "MultiPolygon", "coordinates": [ [ [ [ 143.838132159306952, 7.370752221605471 ], [ 143.851784767000026, 7.371871999 ], [ 143.851637110809435, 7.372082777260423 ], [ 143.8514883, 7.3720797 ], [ 143.851339442529621, 7.372260492794651 ], [ 143.849709923, 7.372695076 ], [ 143.840843719, 7.371859662 ], [ 143.839260685113061, 7.371391178565625 ], [ 143.838746876235575, 7.371185723009311 ], [ 143.838353685765298, 7.370943382316337 ], [ 143.838132159306952, 7.370752221605471 ] ] ] ] } },
{ "type": "Feature", "properties": { "resp_id": 11270.0, "sector": "Maritime Activity", "number_of_ppl": 12.0, "rep_in_sector": 12.0, "island": "Wottegai", "fishing_type": null, "fishing_method": null }, "geometry": { "type": "MultiPolygon", "coordinates": [ [ [ [ 143.839233356047458, 7.371380250575527 ], [ 143.838739213, 7.371145128 ], [ 143.851807743, 7.372037174 ], [ 143.851727995304174, 7.372084656637713 ], [ 143.8514883, 7.3720797 ], [ 143.85126252529858, 7.372353911483233 ], [ 143.850767352, 7.37244989 ], [ 143.840536840999988, 7.371830816 ], [ 143.840315355008926, 7.371766122946041 ], [ 143.8397429, 7.371584 ], [ 143.839233356047458, 7.371380250575527 ] ] ] ] } },
{ "type": "Feature", "properties": { "resp_id": 11271.0, "sector": "Maritime Activity", "number_of_ppl": 3.0, "rep_in_sector": 3.0, "island": "Wottegai", "fishing_type": null, "fishing_method": null }, "geometry": { "type": "MultiPolygon", "coordinates": [ [ [ [ 143.840923157999327, 7.371927274205266 ], [ 143.840150527, 7.371607162 ], [ 143.852110628, 7.371902647 ], [ 143.851766853828281, 7.372079577039598 ], [ 143.851744599999989, 7.372085 ], [ 143.8514883, 7.3720797 ], [ 143.85128363317213, 7.372328275231983 ], [ 143.851237872000013, 7.372351827 ], [ 143.850184718, 7.372547555 ], [ 143.841534243124869, 7.372039263833484 ], [ 143.840923157999327, 7.371927274205266 ] ] ] ] } },
{ "type": "Feature", "properties": { "resp_id": 11273.0, "sector": "Cultural Use", "number_of_ppl": 8.0, "rep_in_sector": 2.0, "island": "Wottegai", "fishing_type": null, "fishing_method": null }, "geometry": { "type": "MultiPolygon", "coordinates": [ [ [ [ 143.842720282118052, 7.373175696613941 ], [ 143.842797437, 7.373034718 ], [ 143.843760498, 7.370639662 ], [ 143.847102269, 7.37078441 ], [ 143.844196861, 7.376368013 ], [ 143.841176755, 7.375996032 ], [ 143.842128884680449, 7.374256303893981 ], [ 143.842161299999987, 7.3742281 ], [ 143.842621, 7.3734514 ], [ 143.842720282118052, 7.373175696613941 ] ] ] ] } },
{ "type": "Feature", "properties": { "resp_id": 11298.0, "sector": "Community Recreational Use", "number_of_ppl": 6.0, "rep_in_sector": 6.0, "island": "Seliap", "fishing_type": null, "fishing_method": null }, "geometry": { "type": "MultiPolygon", "coordinates": [ [ [ [ 143.846942584553915, 7.372979764203413 ], [ 143.846620744, 7.372964519 ], [ 143.845302565999987, 7.373583613 ], [ 143.845671445, 7.370939888 ], [ 143.849263581, 7.370422119 ], [ 143.849859186, 7.372625112 ], [ 143.849612009999987, 7.372704153 ], [ 143.849347439000013, 7.372658681 ], [ 143.849072968, 7.372675051 ], [ 143.84893631451277, 7.37271361051279 ], [ 143.84886370000001, 7.3727143 ], [ 143.848011189780408, 7.372904782970291 ], [ 143.847890800763139, 7.372915901164244 ], [ 143.847189899999989, 7.3728495 ], [ 143.846942584553915, 7.372979764203413 ] ] ] ] } },
{ "type": "Feature", "properties": { "resp_id": 11297.0, "sector": "Aquaculture & Mariculture", "number_of_ppl": 7.0, "rep_in_sector": 7.0, "island": "Seliap", "fishing_type": null, "fishing_method": null }, "geometry": { "type": "MultiPolygon", "coordinates": [ [ [ [ 143.851638015, 7.372005036 ], [ 143.851629487999986, 7.371978352 ], [ 143.851655391, 7.371974342 ], [ 143.851663352, 7.371993777 ], [ 143.851638015, 7.372005036 ] ] ] ] } },
{ "type": "Feature", "properties": { "resp_id": 11275.0, "sector": "Construction & Infrastructure", "number_of_ppl": 18.0, "rep_in_sector": 16.0, "island": "Seliap", "fishing_type": null, "fishing_method": null }, "geometry": { "type": "MultiPolygon", "coordinates": [ [ [ [ 143.854637960918211, 7.374400601336882 ], [ 143.854656713999987, 7.374392514 ], [ 143.854735748, 7.374478096 ], [ 143.853598402873217, 7.374926019443746 ], [ 143.8546134, 7.3744178 ], [ 143.854637960918211, 7.374400601336882 ] ] ], [ [ [ 143.853518791071934, 7.37495737301474 ], [ 143.852706028, 7.375277463 ], [ 143.852659630181677, 7.375197725451291 ], [ 143.853518791071934, 7.37495737301474 ] ] ] ] } },
{ "type": "Feature", "properties": { "resp_id": 11275.0, "sector": "Community Recreational Use", "number_of_ppl": 18.0, "rep_in_sector": 18.0, "island": "Seliap", "fishing_type": null, "fishing_method": null }, "geometry": { "type": "MultiPolygon", "coordinates": [ [ [ [ 143.856317110834567, 7.369476841018541 ], [ 143.856167391000014, 7.369307146 ], [ 143.856469624, 7.368645227 ], [ 143.856674674501562, 7.368846421205919 ], [ 143.856774, 7.3690266 ], [ 143.8571044, 7.3694017 ], [ 143.857301680742722, 7.369461633900469 ], [ 143.85765337, 7.369806707 ], [ 143.857036312, 7.37039369 ], [ 143.856754185115733, 7.370006913927101 ], [ 143.85658380000001, 7.3696996 ], [ 143.856317110834567, 7.369476841018541 ] ] ] ] } },
{ "type": "Feature", "properties": { "resp_id": 11399.0, "sector": "Fishing", "number_of_ppl": 10.0, "rep_in_sector": 10.0, "island": "Falalop (Woleai)", "fishing_type": "Commercial,Subsistence/Artisanal,Traditional", "fishing_method": "Bottom FIshing,Spear/Harpoon" }, "geometry": { "type": "MultiPolygon", "coordinates": [ [ [ [ 143.880477603, 7.374901474 ], [ 143.874880061, 7.369633296 ], [ 143.867519952, 7.362875006 ], [ 143.868534205000032, 7.363387582 ], [ 143.874349654000014, 7.36189317 ], [ 143.880412465, 7.36170298 ], [ 143.883881877, 7.363150188 ], [ 143.884772027, 7.368330828 ], [ 143.880477603, 7.374901474 ] ] ] ] } },
{ "type": "Feature", "properties": { "resp_id": 11199.0, "sector": "Maritime Activity", "number_of_ppl": 3.0, "rep_in_sector": 3.0, "island": "Falalop (Woleai)", "fishing_type": null, "fishing_method": null }, "geometry": { "type": "MultiPolygon", "coordinates": [ [ [ [ 143.907125296093653, 7.367162107818388 ], [ 143.904342629000013, 7.369691821 ], [ 143.897815495, 7.368479616 ], [ 143.894818238, 7.370179416 ], [ 143.889821516000012, 7.364350586 ], [ 143.868383953, 7.367116201 ], [ 143.86489817, 7.361844233 ], [ 143.848776425000011, 7.37247453 ], [ 143.833351836, 7.367461901 ], [ 143.834258892, 7.3646003 ], [ 143.847272737, 7.370639075 ], [ 143.867091988999988, 7.35962713 ], [ 143.867364557011911, 7.360944956057058 ], [ 143.8673116, 7.3610175 ], [ 143.867428476401841, 7.361253995703942 ], [ 143.868047133, 7.364245075 ], [ 143.885359130000012, 7.360692814 ], [ 143.907188904592573, 7.367081257872144 ], [ 143.9071299, 7.3671529 ], [ 143.907125296093653, 7.367162107818388 ] ] ] ] } },
{ "type": "Feature", "properties": { "resp_id": 11275.0, "sector": "Community Recreational Use", "number_of_ppl": 18.0, "rep_in_sector": 18.0, "island": "Seliap", "fishing_type": null, "fishing_method": null }, "geometry": { "type": "MultiPolygon", "coordinates": [ [ [ [ 143.859112204152666, 7.367944134066698 ], [ 143.858746704999987, 7.36824815 ], [ 143.858053733, 7.367668052 ], [ 143.857256443000011, 7.367487002 ], [ 143.858105892, 7.366659345 ], [ 143.85834004944121, 7.367250193640009 ], [ 143.8584123, 7.3675201 ], [ 143.858930500000014, 7.3679026 ], [ 143.859112204152666, 7.367944134066698 ] ] ] ] } },
{ "type": "Feature", "properties": { "resp_id": 11298.0, "sector": "Community Recreational Use", "number_of_ppl": 6.0, "rep_in_sector": 6.0, "island": "Seliap", "fishing_type": null, "fishing_method": null }, "geometry": { "type": "MultiPolygon", "coordinates": [ [ [ [ 143.856774, 7.3690266 ], [ 143.856991581566433, 7.369273618396399 ], [ 143.856772103999987, 7.369151871 ], [ 143.855526931000014, 7.367841852 ], [ 143.857068699000024, 7.366440387 ], [ 143.858325918, 7.367579463 ], [ 143.858195899, 7.367779955 ], [ 143.858055928999988, 7.367693395 ], [ 143.857790353000013, 7.367600256 ], [ 143.857522071, 7.367530305 ], [ 143.857272985, 7.367431224 ], [ 143.857086186, 7.367542953 ], [ 143.856912935999986, 7.367866768 ], [ 143.85666765900001, 7.368117662 ], [ 143.856679676243857, 7.368306885716343 ], [ 143.8565755, 7.3684122 ], [ 143.8565772, 7.3686696 ], [ 143.856774, 7.3690266 ] ] ] ] } },
{ "type": "Feature", "properties": { "resp_id": 11275.0, "sector": "Community Recreational Use", "number_of_ppl": 18.0, "rep_in_sector": 18.0, "island": "Seliap", "fishing_type": null, "fishing_method": null }, "geometry": { "type": "MultiPolygon", "coordinates": [ [ [ [ 143.852296008, 7.37147494 ], [ 143.853939699, 7.370549014 ], [ 143.854129213, 7.371073763 ], [ 143.853940236999989, 7.371250076 ], [ 143.853483012999988, 7.371441169 ], [ 143.852807009, 7.371719899 ], [ 143.852296008, 7.37147494 ] ] ] ] } },
{ "type": "Feature", "properties": { "resp_id": 11275.0, "sector": "Cultural Use", "number_of_ppl": 18.0, "rep_in_sector": 4.0, "island": "Seliap", "fishing_type": null, "fishing_method": null }, "geometry": { "type": "MultiPolygon", "coordinates": [ [ [ [ 143.854099878999989, 7.37091657 ], [ 143.852283731000028, 7.371769897 ], [ 143.852051932, 7.371294518 ], [ 143.853656662, 7.370660356 ], [ 143.854099878999989, 7.37091657 ] ] ] ] } },
{ "type": "Feature", "properties": { "resp_id": 11299.0, "sector": "Fishing", "number_of_ppl": 6.0, "rep_in_sector": 6.0, "island": "Seliap", "fishing_type": "Subsistence/Artisanal", "fishing_method": "Spear/Harpoon,Vertical Longline,Casting" }, "geometry": { "type": "MultiPolygon", "coordinates": [ [ [ [ 143.849379683, 7.371518631 ], [ 143.846869483000035, 7.371903728 ], [ 143.846654948, 7.370770745 ], [ 143.849239754, 7.37053797 ], [ 143.849379683, 7.371518631 ] ] ] ] } },
{ "type": "Feature", "properties": { "resp_id": 11273.0, "sector": "Maritime Activity", "number_of_ppl": 8.0, "rep_in_sector": 8.0, "island": "Wottegai", "fishing_type": null, "fishing_method": null }, "geometry": { "type": "MultiPolygon", "coordinates": [ [ [ [ 143.837958060969072, 7.370619317860547 ], [ 143.836962914, 7.370017017 ], [ 143.85243640600001, 7.371831166 ], [ 143.851897779631855, 7.372047672146869 ], [ 143.851744599999989, 7.372085 ], [ 143.8514883, 7.3720797 ], [ 143.851361105954112, 7.372234181792424 ], [ 143.850697934000038, 7.372435751 ], [ 143.839020346000041, 7.371262249 ], [ 143.838025313199694, 7.370660021334412 ], [ 143.8380137, 7.37065 ], [ 143.837958060969072, 7.370619317860547 ] ] ] ] } },
{ "type": "Feature", "properties": { "resp_id": 11278.0, "sector": "Maritime Activity", "number_of_ppl": 6.0, "rep_in_sector": 6.0, "island": "Seliap", "fishing_type": null, "fishing_method": null }, "geometry": { "type": "MultiPolygon", "coordinates": [ [ [ [ 143.835468573984826, 7.368994597433024 ], [ 143.852855352, 7.371682116 ], [ 143.852075376395447, 7.372004394088115 ], [ 143.851744599999989, 7.372085 ], [ 143.8514883, 7.3720797 ], [ 143.851330508429584, 7.372271343576807 ], [ 143.850185329999988, 7.372564766 ], [ 143.837606935379881, 7.370425689423972 ], [ 143.837255699999986, 7.370232 ], [ 143.837009756824074, 7.370111190921506 ], [ 143.83630755475636, 7.369608235129626 ], [ 143.8358174, 7.3691876 ], [ 143.835468573984826, 7.368994597433024 ] ] ] ] } },
{ "type": "Feature", "properties": { "resp_id": 11275.0, "sector": "Maritime Activity", "number_of_ppl": 18.0, "rep_in_sector": 18.0, "island": "Seliap", "fishing_type": null, "fishing_method": null }, "geometry": { "type": "MultiPolygon", "coordinates": [ [ [ [ 143.835621582066807, 7.36907925560108 ], [ 143.835400185, 7.368912893 ], [ 143.853114575, 7.371621326 ], [ 143.852134855, 7.371942085 ], [ 143.851749637748696, 7.372083772368111 ], [ 143.851744599999989, 7.372085 ], [ 143.8514883, 7.3720797 ], [ 143.851369967564125, 7.372223419049588 ], [ 143.85117197400001, 7.372296243 ], [ 143.836739425, 7.369973882 ], [ 143.836512757413431, 7.369784333088943 ], [ 143.8358174, 7.3691876 ], [ 143.835621582066807, 7.36907925560108 ] ] ] ] } },
{ "type": "Feature", "properties": { "resp_id": 11277.0, "sector": "Maritime Activity", "number_of_ppl": 2.0, "rep_in_sector": 2.0, "island": "Seliap", "fishing_type": null, "fishing_method": null }, "geometry": { "type": "MultiPolygon", "coordinates": [ [ [ [ 143.835443150709494, 7.368980530926614 ], [ 143.835339269, 7.368897462 ], [ 143.852409857, 7.371833224 ], [ 143.851730653796551, 7.372084711611722 ], [ 143.8514883, 7.3720797 ], [ 143.851376076027719, 7.372216000101311 ], [ 143.851088413000014, 7.372322512 ], [ 143.836301983885363, 7.369603454393863 ], [ 143.8358174, 7.3691876 ], [ 143.835443150709494, 7.368980530926614 ] ] ] ] } },
{ "type": "Feature", "properties": { "resp_id": 11273.0, "sector": "Cultural Use", "number_of_ppl": 8.0, "rep_in_sector": 2.0, "island": "Wottegai", "fishing_type": null, "fishing_method": null }, "geometry": { "type": "MultiPolygon", "coordinates": [ [ [ [ 143.839967146, 7.370968873 ], [ 143.841395597, 7.371355862 ], [ 143.841249845, 7.371766377 ], [ 143.839722363, 7.371355862 ], [ 143.839967146, 7.370968873 ] ] ] ] } },
{ "type": "Feature", "properties": { "resp_id": 11271.0, "sector": "Community Recreational Use", "number_of_ppl": 3.0, "rep_in_sector": 3.0, "island": "Wottegai", "fishing_type": null, "fishing_method": null }, "geometry": { "type": "MultiPolygon", "coordinates": [ [ [ [ 143.839112764727957, 7.371332030066209 ], [ 143.838944174, 7.371216856 ], [ 143.839287053, 7.370706788 ], [ 143.841593692, 7.371556901 ], [ 143.841219810350992, 7.371981639878403 ], [ 143.841129179900832, 7.371965030608891 ], [ 143.840638506, 7.371772142 ], [ 143.840403149, 7.371769839 ], [ 143.840069639, 7.371670193 ], [ 143.839630860343249, 7.37153919918924 ], [ 143.839112764727957, 7.371332030066209 ] ] ] ] } },
{ "type": "Feature", "properties": { "resp_id": 11270.0, "sector": "Community Recreational Use", "number_of_ppl": 12.0, "rep_in_sector": 12.0, "island": "Wottegai", "fishing_type": null, "fishing_method": null }, "geometry": { "type": "MultiPolygon", "coordinates": [ [ [ [ 143.837702834635451, 7.370478573175363 ], [ 143.838099109000012, 7.370134698 ], [ 143.839946495, 7.37106137 ], [ 143.842015925, 7.371723791 ], [ 143.841742022, 7.372036176 ], [ 143.84146690483982, 7.372026923223887 ], [ 143.840933535644581, 7.371929176056743 ], [ 143.839675788655057, 7.371557164482514 ], [ 143.839317031621505, 7.371413709665143 ], [ 143.838189986632756, 7.370802122274879 ], [ 143.8380137, 7.37065 ], [ 143.837702834635451, 7.370478573175363 ] ] ] ] } },
{ "type": "Feature", "properties": { "resp_id": 11273.0, "sector": "Fishing", "number_of_ppl": 8.0, "rep_in_sector": 1.0, "island": "Wottegai", "fishing_type": "Subsistence/Artisanal,Traditional", "fishing_method": "Bottom FIshing,Casting,Cast Net,Spear/Harpoon,Trolling" }, "geometry": { "type": "MultiPolygon", "coordinates": [ [ [ [ 143.837789947, 7.351045671 ], [ 143.859775301000013, 7.359907273 ], [ 143.844005329, 7.37160847 ], [ 143.837315623, 7.369352371 ], [ 143.831551293, 7.365643192 ], [ 143.837789947, 7.351045671 ] ] ] ] } },
{ "type": "Feature", "properties": { "resp_id": 11253.0, "sector": "Maritime Activity", "number_of_ppl": 4.0, "rep_in_sector": 4.0, "island": "Tegailap", "fishing_type": null, "fishing_method": null }, "geometry": { "type": "MultiPolygon", "coordinates": [ [ [ [ 143.837922958401521, 7.370599960546567 ], [ 143.835981663000013, 7.369302197 ], [ 143.874582277, 7.35593223 ], [ 143.875631809999987, 7.356731292 ], [ 143.875211969667475, 7.356709115543293 ], [ 143.8748828, 7.3566303 ], [ 143.874342531972786, 7.356663189579514 ], [ 143.873624008, 7.356625234 ], [ 143.873378421287754, 7.356721879560231 ], [ 143.8731481, 7.3567359 ], [ 143.8727035, 7.356784 ], [ 143.87259370000001, 7.3570173 ], [ 143.872593154161478, 7.35703090398164 ], [ 143.838000043641131, 7.370642469202952 ], [ 143.837922958401521, 7.370599960546567 ] ] ] ] } },
{ "type": "Feature", "properties": { "resp_id": 11252.0, "sector": "Maritime Activity", "number_of_ppl": 11.0, "rep_in_sector": 11.0, "island": "Tegailap", "fishing_type": null, "fishing_method": null }, "geometry": { "type": "MultiPolygon", "coordinates": [ [ [ [ 143.835609077055352, 7.369072336679768 ], [ 143.874217082, 7.356137035 ], [ 143.876417149, 7.356570792 ], [ 143.87587536800001, 7.356655458 ], [ 143.873705804, 7.356559203 ], [ 143.873259933785022, 7.356729092312118 ], [ 143.8731481, 7.3567359 ], [ 143.8727035, 7.356784 ], [ 143.872613401624136, 7.35697543855454 ], [ 143.837544035, 7.370336017 ], [ 143.836753698, 7.369780231 ], [ 143.835975126474494, 7.369322955959391 ], [ 143.8358174, 7.3691876 ], [ 143.835609077055352, 7.369072336679768 ] ] ] ] } },
{ "type": "Feature", "properties": { "resp_id": 11253.0, "sector": "Maritime Activity", "number_of_ppl": 4.0, "rep_in_sector": 4.0, "island": "Tegailap", "fishing_type": null, "fishing_method": null }, "geometry": { "type": "MultiPolygon", "coordinates": [ [ [ [ 143.847799395000862, 7.372907241728847 ], [ 143.861189796, 7.363222062 ], [ 143.873674132, 7.356041461 ], [ 143.87501201, 7.356636261 ], [ 143.874907880283388, 7.356636305168342 ], [ 143.8748828, 7.3566303 ], [ 143.87478328796584, 7.356636357984657 ], [ 143.873566472, 7.356636872 ], [ 143.87336338065424, 7.35672279513834 ], [ 143.8731481, 7.3567359 ], [ 143.8727035, 7.356784 ], [ 143.87259370000001, 7.3570173 ], [ 143.872592429483831, 7.357048965184064 ], [ 143.870860085, 7.35778187 ], [ 143.867542096, 7.35970674 ], [ 143.861330493999986, 7.363581238 ], [ 143.849818453000012, 7.372642369 ], [ 143.849382661378456, 7.372709372115695 ], [ 143.84886370000001, 7.3727143 ], [ 143.8479404, 7.3729206 ], [ 143.847799395000862, 7.372907241728847 ] ] ] ] } },
{ "type": "Feature", "properties": { "resp_id": 11252.0, "sector": "Maritime Activity", "number_of_ppl": 11.0, "rep_in_sector": 11.0, "island": "Tegailap", "fishing_type": null, "fishing_method": null }, "geometry": { "type": "MultiPolygon", "coordinates": [ [ [ [ 143.847651826554113, 7.372893261613766 ], [ 143.859137798, 7.357762483 ], [ 143.873485047, 7.355705991 ], [ 143.875634725, 7.356703542 ], [ 143.873828069000012, 7.356490053 ], [ 143.860428502, 7.358698276 ], [ 143.849471118, 7.37262923 ], [ 143.849038582513998, 7.372712639440769 ], [ 143.84886370000001, 7.3727143 ], [ 143.8479404, 7.3729206 ], [ 143.847651826554113, 7.372893261613766 ] ] ] ] } },
{ "type": "Feature", "properties": { "resp_id": 11290.0, "sector": "Fishing", "number_of_ppl": 6.0, "rep_in_sector": 6.0, "island": "Tegailap", "fishing_type": "Commercial,Subsistence/Artisanal,Traditional", "fishing_method": "Spear/Harpoon,Casting,Jigging (Traditional drop-stone),Vertical Longline" }, "geometry": { "type": "MultiPolygon", "coordinates": [ [ [ [ 143.882642647000011, 7.359911814 ], [ 143.882269830000013, 7.361476115 ], [ 143.86950805, 7.361390789 ], [ 143.869651441, 7.358916347 ], [ 143.882642647000011, 7.359911814 ] ] ] ] } },
{ "type": "Feature", "properties": { "resp_id": 11252.0, "sector": "Fishing", "number_of_ppl": 11.0, "rep_in_sector": 5.0, "island": "Tegailap", "fishing_type": "Subsistence/Artisanal,Traditional", "fishing_method": "Bottom FIshing,Casting,Spear/Harpoon,Trolling" }, "geometry": { "type": "MultiPolygon", "coordinates": [ [ [ [ 143.870746359, 7.361796726 ], [ 143.872037213, 7.358150042 ], [ 143.874802321, 7.358908666 ], [ 143.876244727, 7.358914862 ], [ 143.877670032, 7.35888714 ], [ 143.87720063, 7.36210708 ], [ 143.870746359, 7.361796726 ] ] ] ] } },
{ "type": "Feature", "properties": { "resp_id": 11193.0, "sector": "Maritime Activity", "number_of_ppl": 7.0, "rep_in_sector": 7.0, "island": "Falalop (Woleai)", "fishing_type": null, "fishing_method": null }, "geometry": { "type": "MultiPolygon", "coordinates": [ [ [ [ 143.832954695000012, 7.367492607 ], [ 143.884978159000013, 7.348102295 ], [ 143.906059562, 7.366649568 ], [ 143.90452946100001, 7.369684503 ], [ 143.883788079999988, 7.3504629 ], [ 143.835334853, 7.368672859 ], [ 143.832954695000012, 7.367492607 ] ] ] ] } },
{ "type": "Feature", "properties": { "resp_id": 11278.0, "sector": "Maritime Activity", "number_of_ppl": 6.0, "rep_in_sector": 6.0, "island": "Seliap", "fishing_type": null, "fishing_method": null }, "geometry": { "type": "MultiPolygon", "coordinates": [ [ [ [ 143.851472938611607, 7.372098356972268 ], [ 143.850070754, 7.372541083 ], [ 143.866181859, 7.344432388 ], [ 143.87937825, 7.356319815 ], [ 143.879083147141415, 7.356335976987925 ], [ 143.879030199999988, 7.3563159 ], [ 143.878805559763521, 7.356351179522954 ], [ 143.876256719, 7.356490763 ], [ 143.867979615, 7.349502877 ], [ 143.860303725, 7.357678789 ], [ 143.852768812, 7.371689193 ], [ 143.851529340018061, 7.372080548671916 ], [ 143.8514883, 7.3720797 ], [ 143.851472938611607, 7.372098356972268 ] ] ] ] } },
{ "type": "Feature", "properties": { "resp_id": 11277.0, "sector": "Maritime Activity", "number_of_ppl": 2.0, "rep_in_sector": 2.0, "island": "Seliap", "fishing_type": null, "fishing_method": null }, "geometry": { "type": "MultiPolygon", "coordinates": [ [ [ [ 143.851400733244361, 7.372186053023335 ], [ 143.850753255, 7.372421204 ], [ 143.862709297, 7.357066626 ], [ 143.872709981000014, 7.346216126 ], [ 143.880283881999986, 7.356759416 ], [ 143.879407394999987, 7.35637825 ], [ 143.879091674296205, 7.356339210392783 ], [ 143.879030199999988, 7.3563159 ], [ 143.878974237024494, 7.356324688939941 ], [ 143.878477236, 7.356263233 ], [ 143.872693082000012, 7.349143147 ], [ 143.86360231, 7.357634166 ], [ 143.852472080000013, 7.371796959 ], [ 143.851682512569568, 7.372083716114138 ], [ 143.8514883, 7.3720797 ], [ 143.851400733244361, 7.372186053023335 ] ] ] ] } },
{ "type": "Feature", "properties": { "resp_id": 11272.0, "sector": "Maritime Activity", "number_of_ppl": 3.0, "rep_in_sector": 3.0, "island": "Wottegai", "fishing_type": null, "fishing_method": null }, "geometry": { "type": "MultiPolygon", "coordinates": [ [ [ [ 143.838254514999988, 7.370763464 ], [ 143.877411865, 7.349192391 ], [ 143.880359607, 7.356779263 ], [ 143.879150726, 7.356341077 ], [ 143.876525566, 7.352302752 ], [ 143.840355405999986, 7.371706338 ], [ 143.839146176000014, 7.371313637 ], [ 143.838254514999988, 7.370763464 ] ] ] ] } },
{ "type": "Feature", "properties": { "resp_id": 11270.0, "sector": "Maritime Activity", "number_of_ppl": 12.0, "rep_in_sector": 12.0, "island": "Wottegai", "fishing_type": null, "fishing_method": null }, "geometry": { "type": "MultiPolygon", "coordinates": [ [ [ [ 143.878880605157718, 7.356339393732425 ], [ 143.877949093000012, 7.356244008 ], [ 143.876317024, 7.35669232 ], [ 143.87184335500001, 7.35034851 ], [ 143.84105245, 7.371897328 ], [ 143.838935738, 7.371216019 ], [ 143.872326197, 7.346397779 ], [ 143.879655065, 7.356418696 ], [ 143.879170420446457, 7.356369070071255 ], [ 143.879030199999988, 7.3563159 ], [ 143.878880605157718, 7.356339393732425 ] ] ] ] } },
{ "type": "Feature", "properties": { "resp_id": 11271.0, "sector": "Maritime Activity", "number_of_ppl": 3.0, "rep_in_sector": 3.0, "island": "Wottegai", "fishing_type": null, "fishing_method": null }, "geometry": { "type": "MultiPolygon", "coordinates": [ [ [ [ 143.841112912491724, 7.371962049381628 ], [ 143.839916519000013, 7.371535767 ], [ 143.871010727, 7.347509084 ], [ 143.87869755700001, 7.35620179 ], [ 143.877753475, 7.356418889 ], [ 143.876809393, 7.356635988 ], [ 143.871010727, 7.351790903 ], [ 143.841364735371997, 7.372008199330081 ], [ 143.841112912491724, 7.371962049381628 ] ] ] ] } },
{ "type": "Feature", "properties": { "resp_id": 11273.0, "sector": "Maritime Activity", "number_of_ppl": 8.0, "rep_in_sector": 8.0, "island": "Wottegai", "fishing_type": null, "fishing_method": null }, "geometry": { "type": "MultiPolygon", "coordinates": [ [ [ [ 143.837044350982296, 7.370128183835981 ], [ 143.874735218000012, 7.340852945 ], [ 143.880272093, 7.356716971 ], [ 143.878509716999986, 7.356146577 ], [ 143.877265231, 7.356463357 ], [ 143.873463910999988, 7.345745633 ], [ 143.839036971000013, 7.371227183 ], [ 143.838133215081541, 7.370753132660381 ], [ 143.8380137, 7.37065 ], [ 143.837255699999986, 7.370232 ], [ 143.837044350982296, 7.370128183835981 ] ] ] ] } },
{ "type": "Feature", "properties": { "resp_id": 11275.0, "sector": "Maritime Activity", "number_of_ppl": 18.0, "rep_in_sector": 18.0, "island": "Seliap", "fishing_type": null, "fishing_method": null }, "geometry": { "type": "MultiPolygon", "coordinates": [ [ [ [ 143.85129330514232, 7.372316528284277 ], [ 143.851190751, 7.372357173 ], [ 143.868412337000024, 7.339848501 ], [ 143.879659718, 7.356399314 ], [ 143.87905529320156, 7.356325415073794 ], [ 143.879030199999988, 7.3563159 ], [ 143.879009662247199, 7.356319125438276 ], [ 143.878541237, 7.356250162 ], [ 143.878115237, 7.356264899 ], [ 143.869590401000011, 7.346391554 ], [ 143.853049524, 7.371620491 ], [ 143.852089653242103, 7.372000914999863 ], [ 143.851744599999989, 7.372085 ], [ 143.8514883, 7.3720797 ], [ 143.85129330514232, 7.372316528284277 ] ] ] ] } },
{ "type": "Feature", "properties": { "resp_id": 11272.0, "sector": "Maritime Activity", "number_of_ppl": 3.0, "rep_in_sector": 3.0, "island": "Wottegai", "fishing_type": null, "fishing_method": null }, "geometry": { "type": "MultiPolygon", "coordinates": [ [ [ [ 143.880278476, 7.343112323 ], [ 143.90705909, 7.367238493 ], [ 143.906642807999987, 7.368188686 ], [ 143.905525059000013, 7.36918734 ], [ 143.904830888, 7.369823197 ], [ 143.879640685999988, 7.350913821 ], [ 143.840832725000013, 7.37190747 ], [ 143.839254084, 7.371384039 ], [ 143.838390352, 7.370806069 ], [ 143.880278476, 7.343112323 ] ] ] ] } },
{ "type": "Feature", "properties": { "resp_id": 11402.0, "sector": "Maritime Activity", "number_of_ppl": 6.0, "rep_in_sector": 6.0, "island": "Falalop (Woleai)", "fishing_type": null, "fishing_method": null }, "geometry": { "type": "MultiPolygon", "coordinates": [ [ [ [ 143.851326255619512, 7.372276508765597 ], [ 143.850731626, 7.372442549 ], [ 143.849806941, 7.372639727 ], [ 143.872976177, 7.341774249 ], [ 143.90325393, 7.370327754 ], [ 143.902355913, 7.370394844 ], [ 143.901732394, 7.370409245 ], [ 143.87295287500001, 7.346763224 ], [ 143.851864233356679, 7.372055846936055 ], [ 143.851744599999989, 7.372085 ], [ 143.8514883, 7.3720797 ], [ 143.851326255619512, 7.372276508765597 ] ] ] ] } },
{ "type": "Feature", "properties": { "resp_id": 11252.0, "sector": "Community Recreational Use", "number_of_ppl": 11.0, "rep_in_sector": 11.0, "island": "Tegailap", "fishing_type": null, "fishing_method": null }, "geometry": { "type": "MultiPolygon", "coordinates": [ [ [ [ 143.87284794510137, 7.356768372947582 ], [ 143.872943945, 7.356310458 ], [ 143.873569433, 7.356624588 ], [ 143.873407639051379, 7.356720100967163 ], [ 143.8731481, 7.3567359 ], [ 143.87284794510137, 7.356768372947582 ] ] ], [ [ [ 143.872923015198069, 7.357530073196107 ], [ 143.872675372, 7.357591536 ], [ 143.872727055711323, 7.35734500821126 ], [ 143.872923015198069, 7.357530073196107 ] ] ] ] } },
{ "type": "Feature", "properties": { "resp_id": 11253.0, "sector": "Community Recreational Use", "number_of_ppl": 4.0, "rep_in_sector": 4.0, "island": "Tegailap", "fishing_type": null, "fishing_method": null }, "geometry": { "type": "MultiPolygon", "coordinates": [ [ [ [ 143.872878591513199, 7.357488119297437 ], [ 143.872451084, 7.357480548 ], [ 143.872619111, 7.356675106 ], [ 143.873300551999989, 7.356712138 ], [ 143.873288482340058, 7.356727354463825 ], [ 143.8731481, 7.3567359 ], [ 143.8727035, 7.356784 ], [ 143.87259370000001, 7.3570173 ], [ 143.8725859, 7.3572117 ], [ 143.872878591513199, 7.357488119297437 ] ] ] ] } },
{ "type": "Feature", "properties": { "resp_id": 11270.0, "sector": "Maritime Activity", "number_of_ppl": 12.0, "rep_in_sector": 12.0, "island": "Wottegai", "fishing_type": null, "fishing_method": null }, "geometry": { "type": "MultiPolygon", "coordinates": [ [ [ [ 143.840010290293776, 7.37166906864262 ], [ 143.839386502, 7.371432866 ], [ 143.838129643, 7.370741611 ], [ 143.879554252, 7.341607861 ], [ 143.906622641000013, 7.368138761 ], [ 143.905374075, 7.369326238 ], [ 143.904844188999988, 7.369746117 ], [ 143.90412551, 7.370059005 ], [ 143.880168121, 7.346685186 ], [ 143.84079595245575, 7.371903961954613 ], [ 143.8406843, 7.3718835 ], [ 143.840010290293776, 7.37166906864262 ] ] ] ] } },
{ "type": "Feature", "properties": { "resp_id": 11252.0, "sector": "Community Recreational Use", "number_of_ppl": 11.0, "rep_in_sector": 11.0, "island": "Tegailap", "fishing_type": null, "fishing_method": null }, "geometry": { "type": "MultiPolygon", "coordinates": [ [ [ [ 143.877938931000017, 7.356312704 ], [ 143.876872158999987, 7.356590172 ], [ 143.876047543, 7.356702528 ], [ 143.876046259, 7.356322009 ], [ 143.877030498000011, 7.356184812 ], [ 143.878007169999989, 7.356002584 ], [ 143.877938931000017, 7.356312704 ] ] ] ] } },
{ "type": "Feature", "properties": { "resp_id": 11271.0, "sector": "Maritime Activity", "number_of_ppl": 3.0, "rep_in_sector": 3.0, "island": "Wottegai", "fishing_type": null, "fishing_method": null }, "geometry": { "type": "MultiPolygon", "coordinates": [ [ [ [ 143.840974748534393, 7.371936728904006 ], [ 143.840516967000013, 7.371721778 ], [ 143.839756691, 7.371525568 ], [ 143.876206610999986, 7.338629497 ], [ 143.906093539000011, 7.368650594 ], [ 143.905345276, 7.369388067 ], [ 143.904989737, 7.369692267 ], [ 143.904708568, 7.36981208 ], [ 143.876206610999986, 7.345210252 ], [ 143.841315225687623, 7.371999126022733 ], [ 143.840974748534393, 7.371936728904006 ] ] ] ] } },
{ "type": "Feature", "properties": { "resp_id": 11252.0, "sector": "Fishing", "number_of_ppl": 11.0, "rep_in_sector": 5.0, "island": "Tegailap", "fishing_type": "Subsistence/Artisanal,Traditional", "fishing_method": "Bottom FIshing,Casting,Spear/Harpoon,Trolling" }, "geometry": { "type": "MultiPolygon", "coordinates": [ [ [ [ 143.868912004000038, 7.356806934 ], [ 143.872486035, 7.35349975 ], [ 143.874113043, 7.355427639 ], [ 143.87134751100001, 7.357989769 ], [ 143.868912004000038, 7.356806934 ] ] ] ] } },
{ "type": "Feature", "properties": { "resp_id": 11289.0, "sector": "Fishing", "number_of_ppl": 16.0, "rep_in_sector": 16.0, "island": "Tegailap", "fishing_type": "Subsistence/Artisanal,Commercial,Traditional", "fishing_method": "Bottom FIshing,Spear/Harpoon" }, "geometry": { "type": "MultiPolygon", "coordinates": [ [ [ [ 143.872593128729847, 7.357031537815988 ], [ 143.868047671999989, 7.359404053 ], [ 143.867484972999989, 7.36055385 ], [ 143.86645106, 7.36118904 ], [ 143.864970565, 7.359144941 ], [ 143.876204910000013, 7.350795707 ], [ 143.878257674, 7.356219804 ], [ 143.877833167, 7.356262089 ], [ 143.877245042999988, 7.356400019 ], [ 143.876902105999989, 7.356429326 ], [ 143.876039322999986, 7.356661334 ], [ 143.875249545, 7.3566703 ], [ 143.87465837900001, 7.356580457 ], [ 143.874280373, 7.356495017 ], [ 143.873616441, 7.356497407 ], [ 143.873161034514993, 7.356735112635241 ], [ 143.8731481, 7.3567359 ], [ 143.8727035, 7.356784 ], [ 143.87259370000001, 7.3570173 ], [ 143.872593128729847, 7.357031537815988 ] ] ] ] } },
{ "type": "Feature", "properties": { "resp_id": 11402.0, "sector": "Maritime Activity", "number_of_ppl": 6.0, "rep_in_sector": 6.0, "island": "Falalop (Woleai)", "fishing_type": null, "fishing_method": null }, "geometry": { "type": "MultiPolygon", "coordinates": [ [ [ [ 143.834960762856838, 7.368713628926439 ], [ 143.834053448, 7.367983326 ], [ 143.871228309, 7.34061672 ], [ 143.903267788, 7.370353145 ], [ 143.901749693, 7.37039747 ], [ 143.869202756, 7.34392557 ], [ 143.836518761, 7.369635425 ], [ 143.836011969084439, 7.369354573122569 ], [ 143.8358174, 7.3691876 ], [ 143.834960762856838, 7.368713628926439 ] ] ] ] } },
{ "type": "Feature", "properties": { "resp_id": 11253.0, "sector": "Fishing", "number_of_ppl": 4.0, "rep_in_sector": 2.0, "island": "Tegailap", "fishing_type": "Subsistence/Artisanal,Traditional", "fishing_method": "Bottom FIshing,Casting,Spear/Harpoon,Trolling" }, "geometry": { "type": "MultiPolygon", "coordinates": [ [ [ [ 143.86031589000001, 7.356841336 ], [ 143.869493961000018, 7.346386697 ], [ 143.876815238, 7.354533311 ], [ 143.871636774, 7.357189783 ], [ 143.877648554, 7.3601414 ], [ 143.86031589000001, 7.356841336 ] ] ] ] } },
{ "type": "Feature", "properties": { "resp_id": 11273.0, "sector": "Maritime Activity", "number_of_ppl": 8.0, "rep_in_sector": 8.0, "island": "Wottegai", "fishing_type": null, "fishing_method": null }, "geometry": { "type": "MultiPolygon", "coordinates": [ [ [ [ 143.836998014640983, 7.370105423070682 ], [ 143.836985051999989, 7.370098051 ], [ 143.876009218, 7.337703741 ], [ 143.906687492, 7.368098533 ], [ 143.904755408999989, 7.369855046 ], [ 143.878429998, 7.34302011 ], [ 143.839090742, 7.371295584 ], [ 143.838126062043102, 7.370746960120433 ], [ 143.8380137, 7.37065 ], [ 143.837255699999986, 7.370232 ], [ 143.836998014640983, 7.370105423070682 ] ] ] ] } },
{ "type": "Feature", "properties": { "resp_id": 11252.0, "sector": "Aquaculture & Mariculture", "number_of_ppl": 11.0, "rep_in_sector": 5.0, "island": "Tegailap", "fishing_type": null, "fishing_method": null }, "geometry": { "type": "MultiPolygon", "coordinates": [ [ [ [ 143.872089959, 7.352780932 ], [ 143.875155346000014, 7.352682861 ], [ 143.874908138, 7.355428822 ], [ 143.872287726, 7.355232683 ], [ 143.872089959, 7.352780932 ] ] ] ] } },
{ "type": "Feature", "properties": { "resp_id": 11190.0, "sector": "Fishing", "number_of_ppl": 20.0, "rep_in_sector": 20.0, "island": "Falalop (Woleai)", "fishing_type": "Traditional", "fishing_method": "Trolling" }, "geometry": { "type": "MultiPolygon", "coordinates": [ [ [ [ 143.840920512, 7.391398178 ], [ 143.874993118, 7.381211527 ], [ 143.909566791, 7.397360987 ], [ 143.925851492, 7.391149726 ], [ 143.929860034, 7.371770031 ], [ 143.930862170000012, 7.34667455 ], [ 143.971198122, 7.347668457 ], [ 143.966187445, 7.398851677 ], [ 143.934870712, 7.436614132 ], [ 143.886517676000011, 7.440340514 ], [ 143.835909835, 7.432390861 ], [ 143.803089899000014, 7.42493793 ], [ 143.787306265000012, 7.409286363 ], [ 143.766762488000012, 7.377484644 ], [ 143.768015158, 7.330771729 ], [ 143.788558935, 7.286042005 ], [ 143.819124066, 7.263426943 ], [ 143.850440799000012, 7.26591217 ], [ 143.886768210000014, 7.276847007 ], [ 143.929860034, 7.286539026 ], [ 143.955665022, 7.306916433 ], [ 143.970697054, 7.344935206 ], [ 143.9296095, 7.34568064 ], [ 143.919588146, 7.322571615 ], [ 143.899044369, 7.311140901 ], [ 143.864721229999986, 7.298467377 ], [ 143.829395955, 7.305176935 ], [ 143.813612321, 7.322820105 ], [ 143.805845771, 7.346426072 ], [ 143.813862855, 7.379472319 ], [ 143.82263154, 7.390652822 ], [ 143.840920512, 7.391398178 ] ] ] ] } },
{ "type": "Feature", "properties": { "resp_id": 11270.0, "sector": "Fishing", "number_of_ppl": 12.0, "rep_in_sector": 5.0, "island": "Wottegai", "fishing_type": "Subsistence/Artisanal,Traditional", "fishing_method": "Bottom FIshing,Casting,Cast Net,Spear/Harpoon,Trolling,Trap" }, "geometry": { "type": "MultiPolygon", "coordinates": [ [ [ [ 143.823338402, 7.35284208 ], [ 143.848098062, 7.341548433 ], [ 143.866892008, 7.35556943 ], [ 143.844148999, 7.371417212 ], [ 143.83143967, 7.36581527 ], [ 143.823338402, 7.35284208 ] ], [ [ 143.8305504, 7.3520977 ], [ 143.8308034, 7.3513236 ], [ 143.8300312, 7.3515859 ], [ 143.8300346, 7.3521009 ], [ 143.8305504, 7.3520977 ] ] ] ] } },
{ "type": "Feature", "properties": { "resp_id": 11294.0, "sector": "Fishing", "number_of_ppl": 9.0, "rep_in_sector": 9.0, "island": "Wottegai", "fishing_type": "Subsistence/Artisanal", "fishing_method": "Vertical Longline" }, "geometry": { "type": "MultiPolygon", "coordinates": [ [ [ [ 143.825757603999989, 7.351068328 ], [ 143.825084223, 7.355161672 ], [ 143.821867913, 7.354257135 ], [ 143.822313437, 7.350912395 ], [ 143.825757603999989, 7.351068328 ] ] ] ] } },
{ "type": "Feature", "properties": { "resp_id": 11295.0, "sector": "Fishing", "number_of_ppl": 11.0, "rep_in_sector": 11.0, "island": "Wottegai", "fishing_type": "Subsistence/Artisanal", "fishing_method": "Spear/Harpoon,Vertical Longline" }, "geometry": { "type": "MultiPolygon", "coordinates": [ [ [ [ 143.822377282, 7.354546723 ], [ 143.822603797999989, 7.351040423 ], [ 143.828867025, 7.350414218 ], [ 143.829409603000016, 7.351302817 ], [ 143.826133952, 7.354567263 ], [ 143.831212384, 7.355767866 ], [ 143.829773717, 7.358948457 ], [ 143.82989086500001, 7.359828551 ], [ 143.830058220000012, 7.360446834 ], [ 143.83012738, 7.361319299 ], [ 143.829781148, 7.361545713 ], [ 143.828046368000031, 7.362153357 ], [ 143.826762287, 7.359848185 ], [ 143.822377282, 7.354546723 ] ] ] ] } },
{ "type": "Feature", "properties": { "resp_id": 11294.0, "sector": "Fishing", "number_of_ppl": 9.0, "rep_in_sector": 9.0, "island": "Wottegai", "fishing_type": "Subsistence/Artisanal", "fishing_method": "Vertical Longline" }, "geometry": { "type": "MultiPolygon", "coordinates": [ [ [ [ 143.831096529, 7.355464256 ], [ 143.835253486999989, 7.363310018 ], [ 143.830631815, 7.365080339 ], [ 143.826388978000011, 7.355985486 ], [ 143.831096529, 7.355464256 ] ] ] ] } },
{ "type": "Feature", "properties": { "resp_id": 11294.0, "sector": "Fishing", "number_of_ppl": 9.0, "rep_in_sector": 9.0, "island": "Wottegai", "fishing_type": "Subsistence/Artisanal", "fishing_method": "Vertical Longline" }, "geometry": { "type": "MultiPolygon", "coordinates": [ [ [ [ 143.829341228, 7.35020752 ], [ 143.829622646, 7.351715212 ], [ 143.827950132000012, 7.351951225 ], [ 143.827574571000014, 7.350368727 ], [ 143.829341228, 7.35020752 ] ] ] ] } },
{ "type": "Feature", "properties": { "resp_id": 11284.0, "sector": "Fishing", "number_of_ppl": 10.0, "rep_in_sector": 10.0, "island": "Falalus", "fishing_type": "Subsistence/Artisanal,Commercial,Traditional", "fishing_method": "Bottom FIshing,Spear/Harpoon,Vertical Longline,Trolling" }, "geometry": { "type": "MultiPolygon", "coordinates": [ [ [ [ 143.835595580755097, 7.327965168583481 ], [ 143.835065965000013, 7.328705681 ], [ 143.832654452000014, 7.328750971 ], [ 143.832770413, 7.326261142 ], [ 143.834995286, 7.324302523 ], [ 143.837580084, 7.323132854 ], [ 143.839123208, 7.322732413 ], [ 143.839261834000013, 7.323641668 ], [ 143.838560897, 7.323888395 ], [ 143.837935994, 7.32419074 ], [ 143.836415857, 7.325157781 ], [ 143.835756417999988, 7.326334142 ], [ 143.835752088856367, 7.326422300943524 ], [ 143.835550399999988, 7.3270886 ], [ 143.8355521, 7.3273463 ], [ 143.835687004120871, 7.327747686236225 ], [ 143.835686148622301, 7.327765107553597 ], [ 143.835595580755097, 7.327965168583481 ] ] ] ] } },
{ "type": "Feature", "properties": { "resp_id": 11250.0, "sector": "Community Recreational Use", "number_of_ppl": 6.0, "rep_in_sector": 5.0, "island": "Falalus", "fishing_type": null, "fishing_method": null }, "geometry": { "type": "MultiPolygon", "coordinates": [ [ [ [ 143.836306984424596, 7.328777462348453 ], [ 143.836136075000013, 7.328953495 ], [ 143.835813171819751, 7.328951659369445 ], [ 143.836077499999988, 7.3288879 ], [ 143.836306984424596, 7.328777462348453 ] ] ], [ [ [ 143.8353775, 7.3284469 ], [ 143.835520574187342, 7.328949995820121 ], [ 143.835386062999987, 7.328949231 ], [ 143.834936847, 7.32867734 ], [ 143.835420653, 7.328114614 ], [ 143.835644964741391, 7.327622604680917 ], [ 143.83569, 7.3277566 ], [ 143.8353775, 7.3284469 ] ] ] ] } },
{ "type": "Feature", "properties": { "resp_id": 11249.0, "sector": "Community Recreational Use", "number_of_ppl": 18.0, "rep_in_sector": 18.0, "island": "Falalus", "fishing_type": null, "fishing_method": null }, "geometry": { "type": "MultiPolygon", "coordinates": [ [ [ [ 143.8353775, 7.3284469 ], [ 143.8355398, 7.3290176 ], [ 143.835703878684711, 7.328978022234124 ], [ 143.835544027999987, 7.329039001 ], [ 143.834920898, 7.329072959 ], [ 143.834982526, 7.328264754 ], [ 143.835647370516028, 7.327629762686542 ], [ 143.83569, 7.3277566 ], [ 143.8353775, 7.3284469 ] ] ] ] } },
{ "type": "Feature", "properties": { "resp_id": 11286.0, "sector": "Community Recreational Use", "number_of_ppl": 8.0, "rep_in_sector": 8.0, "island": "Falalus", "fishing_type": null, "fishing_method": null }, "geometry": { "type": "MultiPolygon", "coordinates": [ [ [ [ 143.83629422978413, 7.328783600427634 ], [ 143.836283673, 7.3288038 ], [ 143.836198571886911, 7.328829635087295 ], [ 143.83629422978413, 7.328783600427634 ] ] ], [ [ [ 143.8353775, 7.3284469 ], [ 143.8355398, 7.3290176 ], [ 143.835732611194885, 7.328971091597863 ], [ 143.835094274999989, 7.329164877 ], [ 143.834691859, 7.32869365 ], [ 143.835603475999989, 7.327940384 ], [ 143.835607290724596, 7.327939301710101 ], [ 143.8353775, 7.3284469 ] ] ] ] } },
{ "type": "Feature", "properties": { "resp_id": 11285.0, "sector": "Community Recreational Use", "number_of_ppl": 10.0, "rep_in_sector": 10.0, "island": "Falalus", "fishing_type": null, "fishing_method": null }, "geometry": { "type": "MultiPolygon", "coordinates": [ [ [ [ 143.836465339912309, 7.328701254862509 ], [ 143.836495336000013, 7.328773283 ], [ 143.836117656329805, 7.328868575080966 ], [ 143.836465339912309, 7.328701254862509 ] ] ], [ [ [ 143.8353775, 7.3284469 ], [ 143.835538943694161, 7.329014588951989 ], [ 143.834994166, 7.32915204 ], [ 143.834849316, 7.328603495 ], [ 143.835648184, 7.327771971 ], [ 143.835676914101924, 7.327785506272631 ], [ 143.8353775, 7.3284469 ] ] ] ] } },
{ "type": "Feature", "properties": { "resp_id": 11250.0, "sector": "Fishing", "number_of_ppl": 6.0, "rep_in_sector": 3.0, "island": "Falalus", "fishing_type": "Subsistence/Artisanal,Traditional", "fishing_method": "Bottom FIshing,Casting,Spear/Harpoon,Trolling" }, "geometry": { "type": "MultiPolygon", "coordinates": [ [ [ [ 143.841522942000012, 7.321286351 ], [ 143.838415265, 7.323024281 ], [ 143.834916838999987, 7.326118676 ], [ 143.83519769000003, 7.332888769 ], [ 143.835905923000013, 7.343522248 ], [ 143.817217677, 7.336790153 ], [ 143.831040428, 7.318284258 ], [ 143.832505738, 7.315668179 ], [ 143.841522942000012, 7.321286351 ] ] ] ] } },
{ "type": "Feature", "properties": { "resp_id": 11249.0, "sector": "Fishing", "number_of_ppl": 18.0, "rep_in_sector": 5.0, "island": "Falalus", "fishing_type": "Subsistence/Artisanal,Traditional", "fishing_method": "Bottom FIshing,Casting,Spear/Harpoon,Trolling" }, "geometry": { "type": "MultiPolygon", "coordinates": [ [ [ [ 143.828016478, 7.328064686 ], [ 143.855314424, 7.334654315 ], [ 143.841593233999987, 7.349838739 ], [ 143.805195973, 7.337089587 ], [ 143.815017456, 7.319326115 ], [ 143.828016478, 7.328064686 ] ] ] ] } },
{ "type": "Feature", "properties": { "resp_id": 11284.0, "sector": "Fishing", "number_of_ppl": 10.0, "rep_in_sector": 10.0, "island": "Falalus", "fishing_type": "Commercial,Subsistence/Artisanal,Traditional", "fishing_method": "Bottom FIshing,Spear/Harpoon,Trolling" }, "geometry": { "type": "MultiPolygon", "coordinates": [ [ [ [ 143.83271279600001, 7.331720053 ], [ 143.836987569, 7.332999105 ], [ 143.835370877, 7.337572841 ], [ 143.834109375, 7.339776624 ], [ 143.830853875, 7.338729523 ], [ 143.83271279600001, 7.331720053 ] ] ] ] } },
{ "type": "Feature", "properties": { "resp_id": 11284.0, "sector": "Fishing", "number_of_ppl": 10.0, "rep_in_sector": 10.0, "island": "Falalus", "fishing_type": "Commercial,Subsistence/Artisanal,Traditional", "fishing_method": "Bottom FIshing,Spear/Harpoon,Casting,Trolling" }, "geometry": { "type": "MultiPolygon", "coordinates": [ [ [ [ 143.836506511491649, 7.328681441310668 ], [ 143.837115566, 7.328756238 ], [ 143.837909986999989, 7.328742312 ], [ 143.838369671, 7.328798661 ], [ 143.838849673999988, 7.328670184 ], [ 143.839999066, 7.328067475 ], [ 143.840768376, 7.330523249 ], [ 143.839888921000011, 7.331619451 ], [ 143.836538491999988, 7.332290258 ], [ 143.832728673, 7.331204868 ], [ 143.832692454000011, 7.329053645 ], [ 143.835155639, 7.329017862 ], [ 143.835512604571392, 7.328921972064735 ], [ 143.8355398, 7.3290176 ], [ 143.836077499999988, 7.3288879 ], [ 143.836506511491649, 7.328681441310668 ] ] ] ] } },
{ "type": "Feature", "properties": { "resp_id": 11287.0, "sector": "Fishing", "number_of_ppl": 12.0, "rep_in_sector": 12.0, "island": "Falalus", "fishing_type": "Commercial,Subsistence/Artisanal,Traditional", "fishing_method": "Bottom FIshing,Casting,Cast Net,Spear/Harpoon,Trolling,Trap" }, "geometry": { "type": "MultiPolygon", "coordinates": [ [ [ [ 143.835573194033628, 7.327409062067539 ], [ 143.835529822000012, 7.328016149 ], [ 143.83500826400001, 7.32855313 ], [ 143.834600226, 7.339994939 ], [ 143.831360533, 7.338659604 ], [ 143.830224537, 7.32576507 ], [ 143.837335031, 7.319463721 ], [ 143.845497373, 7.320047957 ], [ 143.845155670999986, 7.324471451 ], [ 143.843806613999988, 7.323949496 ], [ 143.842353339999988, 7.323622244 ], [ 143.840861282, 7.323506209 ], [ 143.83935458, 7.32349154 ], [ 143.83790594300001, 7.324174424 ], [ 143.836457306999989, 7.325087614 ], [ 143.836082543, 7.325673593 ], [ 143.835743502000014, 7.326348151 ], [ 143.835701610875901, 7.326589060132711 ], [ 143.835550399999988, 7.3270886 ], [ 143.8355521, 7.3273463 ], [ 143.835573194033628, 7.327409062067539 ] ] ] ] } },
{ "type": "Feature", "properties": { "resp_id": 11250.0, "sector": "Community Recreational Use", "number_of_ppl": 6.0, "rep_in_sector": 5.0, "island": "Falalus", "fishing_type": null, "fishing_method": null }, "geometry": { "type": "MultiPolygon", "coordinates": [ [ [ [ 143.842196899695466, 7.327858743516192 ], [ 143.842298898, 7.327907582 ], [ 143.842408042420317, 7.327897272052885 ], [ 143.842542647710445, 7.32792183426918 ], [ 143.842298898, 7.328152081 ], [ 143.840929382000013, 7.327717415 ], [ 143.84103266479687, 7.327687674803411 ], [ 143.841104699999988, 7.327684 ], [ 143.8414732, 7.327754 ], [ 143.8418888, 7.3277696 ], [ 143.8420065, 7.327824 ], [ 143.842196899695466, 7.327858743516192 ] ] ] ] } },
{ "type": "Feature", "properties": { "resp_id": 11285.0, "sector": "Community Recreational Use", "number_of_ppl": 10.0, "rep_in_sector": 10.0, "island": "Falalus", "fishing_type": null, "fishing_method": null }, "geometry": { "type": "MultiPolygon", "coordinates": [ [ [ [ 143.83863764, 7.328711403 ], [ 143.839069288, 7.328543591 ], [ 143.839597661999989, 7.328283913 ], [ 143.84004201, 7.327958032 ], [ 143.840222676, 7.327842293 ], [ 143.840622755999988, 7.327812173 ], [ 143.840786128, 7.328422151 ], [ 143.83863764, 7.328711403 ] ] ] ] } },
{ "type": "Feature", "properties": { "resp_id": 11285.0, "sector": "Community Recreational Use", "number_of_ppl": 10.0, "rep_in_sector": 10.0, "island": "Falalus", "fishing_type": null, "fishing_method": null }, "geometry": { "type": "MultiPolygon", "coordinates": [ [ [ [ 143.836584982, 7.328661706 ], [ 143.836958281, 7.328626 ], [ 143.837530568, 7.328721596 ], [ 143.837930156, 7.328711295 ], [ 143.838526095, 7.328692124 ], [ 143.838603444, 7.329139864 ], [ 143.836617155, 7.328953189 ], [ 143.836584982, 7.328661706 ] ] ] ] } },
{ "type": "Feature", "properties": { "resp_id": 11286.0, "sector": "Community Recreational Use", "number_of_ppl": 8.0, "rep_in_sector": 8.0, "island": "Falalus", "fishing_type": null, "fishing_method": null }, "geometry": { "type": "MultiPolygon", "coordinates": [ [ [ [ 143.841032497553243, 7.327687683335163 ], [ 143.841100907, 7.328042234 ], [ 143.839147727000011, 7.329287444 ], [ 143.838351128, 7.329551215 ], [ 143.836932677, 7.329465356 ], [ 143.83640297, 7.328823949 ], [ 143.836482285408067, 7.328693099954765 ], [ 143.836595081714023, 7.328638817454848 ], [ 143.836723747, 7.328650072 ], [ 143.836975222, 7.32862454 ], [ 143.837202964, 7.328669661 ], [ 143.837721716, 7.328731379 ], [ 143.838073294999987, 7.328660646 ], [ 143.838196859211365, 7.328649794425088 ], [ 143.8387531, 7.3286398 ], [ 143.838851374736521, 7.32859231342197 ], [ 143.838882294, 7.328589598 ], [ 143.839381452999987, 7.328348266 ], [ 143.83945981550346, 7.328298312748149 ], [ 143.8396134, 7.3282241 ], [ 143.839702614516398, 7.328143215286151 ], [ 143.840024392, 7.327931459 ], [ 143.840165684999988, 7.327843427 ], [ 143.840203885249878, 7.327812838962193 ], [ 143.84026649117115, 7.327805315599178 ], [ 143.840303106, 7.327835 ], [ 143.840379614999989, 7.327829176 ], [ 143.840406618265945, 7.327779882807545 ], [ 143.840433547606096, 7.327774371568506 ], [ 143.840552252, 7.327816083 ], [ 143.840644536000013, 7.327785449 ], [ 143.840982757492839, 7.327690220767562 ], [ 143.841032497553243, 7.327687683335163 ] ] ] ] } },
{ "type": "Feature", "properties": { "resp_id": 11249.0, "sector": "Community Recreational Use", "number_of_ppl": 18.0, "rep_in_sector": 18.0, "island": "Falalus", "fishing_type": null, "fishing_method": null }, "geometry": { "type": "MultiPolygon", "coordinates": [ [ [ [ 143.839704855377022, 7.328141183650142 ], [ 143.839956836, 7.328172424 ], [ 143.838957089, 7.328661423 ], [ 143.837697134, 7.328851589 ], [ 143.837708660140351, 7.328645810170796 ], [ 143.8378626, 7.3286558 ], [ 143.8387531, 7.3286398 ], [ 143.8396134, 7.3282241 ], [ 143.839704855377022, 7.328141183650142 ] ] ] ] } },
{ "type": "Feature", "properties": { "resp_id": 11250.0, "sector": "Community Recreational Use", "number_of_ppl": 6.0, "rep_in_sector": 5.0, "island": "Falalus", "fishing_type": null, "fishing_method": null }, "geometry": { "type": "MultiPolygon", "coordinates": [ [ [ [ 143.840225433442299, 7.327810249513664 ], [ 143.840422661, 7.327948332 ], [ 143.839361286000013, 7.32855958 ], [ 143.838026007, 7.328953495 ], [ 143.837847970000013, 7.328695413 ], [ 143.838068842169065, 7.32865209451335 ], [ 143.8387531, 7.3286398 ], [ 143.8396134, 7.3282241 ], [ 143.839937078637575, 7.327930642443962 ], [ 143.840125639278, 7.327822241779935 ], [ 143.840225433442299, 7.327810249513664 ] ] ] ] } },
{ "type": "Feature", "properties": { "resp_id": 11249.0, "sector": "Community Recreational Use", "number_of_ppl": 18.0, "rep_in_sector": 18.0, "island": "Falalus", "fishing_type": null, "fishing_method": null }, "geometry": { "type": "MultiPolygon", "coordinates": [ [ [ [ 143.84268791283526, 7.327810811293823 ], [ 143.842901295, 7.327900758 ], [ 143.842161757000014, 7.328036591 ], [ 143.841730359, 7.327860008 ], [ 143.84132635200001, 7.327819258 ], [ 143.841332152509551, 7.327727206756244 ], [ 143.8414732, 7.327754 ], [ 143.8418888, 7.3277696 ], [ 143.8420065, 7.327824 ], [ 143.842095623419368, 7.327840262961885 ], [ 143.842158332999986, 7.327917737 ], [ 143.842353489, 7.327941508 ], [ 143.842425476376832, 7.327900453331529 ], [ 143.842545199999989, 7.3279223 ], [ 143.84268791283526, 7.327810811293823 ] ] ] ] } },
{ "type": "Feature", "properties": { "resp_id": 11250.0, "sector": "Construction & Infrastructure", "number_of_ppl": 6.0, "rep_in_sector": 4.0, "island": "Falalus", "fishing_type": null, "fishing_method": null }, "geometry": { "type": "MultiPolygon", "coordinates": [ [ [ [ 143.842857973232327, 7.327677958264946 ], [ 143.842798902999988, 7.327769437 ], [ 143.842764617700141, 7.327750888638149 ], [ 143.842857973232327, 7.327677958264946 ] ] ] ] } },
{ "type": "Feature", "properties": { "resp_id": 11249.0, "sector": "Construction & Infrastructure", "number_of_ppl": 18.0, "rep_in_sector": 5.0, "island": "Falalus", "fishing_type": null, "fishing_method": null }, "geometry": { "type": "MultiPolygon", "coordinates": [ [ [ [ 143.84351535082709, 7.327259124971761 ], [ 143.843517714, 7.327294285 ], [ 143.843276637, 7.327374658 ], [ 143.84303556, 7.327551478 ], [ 143.842796508, 7.327985489 ], [ 143.842683060000013, 7.327848856 ], [ 143.842730683821543, 7.327777398148354 ], [ 143.8432765, 7.327351 ], [ 143.84351535082709, 7.327259124971761 ] ] ] ] } },
{ "type": "Feature", "properties": { "resp_id": 11249.0, "sector": "Fishing", "number_of_ppl": 18.0, "rep_in_sector": 5.0, "island": "Falalus", "fishing_type": "Subsistence/Artisanal,Traditional", "fishing_method": "Bottom FIshing,Casting,Cast Net,Spear/Harpoon,Trolling" }, "geometry": { "type": "MultiPolygon", "coordinates": [ [ [ [ 143.84399512600001, 7.328163042 ], [ 143.847758844999987, 7.324334332 ], [ 143.861945168, 7.325770102 ], [ 143.857940186, 7.333571038 ], [ 143.841678992, 7.335150352 ], [ 143.838928583000012, 7.334576056 ], [ 143.84399512600001, 7.328163042 ] ] ] ] } },
{ "type": "Feature", "properties": { "resp_id": 11250.0, "sector": "Fishing", "number_of_ppl": 6.0, "rep_in_sector": 3.0, "island": "Falalus", "fishing_type": "Subsistence/Artisanal,Traditional", "fishing_method": "Bottom FIshing,Casting,Cast Net,Spear/Harpoon,Trolling" }, "geometry": { "type": "MultiPolygon", "coordinates": [ [ [ [ 143.839593487, 7.329832735 ], [ 143.859640845, 7.317897298 ], [ 143.868283282, 7.328456722 ], [ 143.848699868000011, 7.34057293 ], [ 143.839492841, 7.343673291 ], [ 143.830774251, 7.341493352 ], [ 143.83370487, 7.333742367 ], [ 143.839593487, 7.329832735 ] ] ] ] } },
{ "type": "Feature", "properties": { "resp_id": 11287.0, "sector": "Fishing", "number_of_ppl": 12.0, "rep_in_sector": 12.0, "island": "Falalus", "fishing_type": "Subsistence/Artisanal,Commercial,Traditional", "fishing_method": "Bottom FIshing,Casting,Cast Net,Jigging (Traditional drop-stone),Spear/Harpoon,Trap,Trolling" }, "geometry": { "type": "MultiPolygon", "coordinates": [ [ [ [ 143.845743971, 7.323218295 ], [ 143.879865927, 7.330854952 ], [ 143.878179354, 7.334419979 ], [ 143.875798204, 7.333811111 ], [ 143.875775368, 7.333160696 ], [ 143.874680025, 7.333047214 ], [ 143.873686825, 7.333561843 ], [ 143.874131444, 7.33436823 ], [ 143.875559048000014, 7.334204101 ], [ 143.878111436000012, 7.334912238 ], [ 143.876373791, 7.338700125 ], [ 143.845491528, 7.326348088 ], [ 143.845743971, 7.323218295 ] ] ] ] } },
{ "type": "Feature", "properties": { "resp_id": 11211.0, "sector": "Aquaculture & Mariculture", "number_of_ppl": 20.0, "rep_in_sector": 20.0, "island": "Falalop (Woleai)", "fishing_type": null, "fishing_method": null }, "geometry": { "type": "MultiPolygon", "coordinates": [ [ [ [ 143.874818963287851, 7.334058374963864 ], [ 143.875336807, 7.334195567 ], [ 143.873841844, 7.335146363 ], [ 143.871921353, 7.335305627 ], [ 143.872974731999989, 7.331840073 ], [ 143.877226789, 7.33353463 ], [ 143.876937752, 7.335464888 ], [ 143.875219587, 7.336060527 ], [ 143.873796882, 7.33534385 ], [ 143.875611667644563, 7.334145652045185 ], [ 143.8758713, 7.3341719 ], [ 143.875818108285699, 7.334009350365128 ], [ 143.875987141000024, 7.333897747 ], [ 143.875219587, 7.333550555 ], [ 143.87456764800001, 7.333432702 ], [ 143.874299337919808, 7.333529037416266 ], [ 143.874046099999987, 7.3335064 ], [ 143.873943625473089, 7.333656753913376 ], [ 143.873671632999987, 7.333754411 ], [ 143.873911175274429, 7.333817873574816 ], [ 143.874124200000011, 7.33408 ], [ 143.874818963287851, 7.334058374963864 ] ] ] ] } },
{ "type": "Feature", "properties": { "resp_id": 11250.0, "sector": "Maritime Activity", "number_of_ppl": 6.0, "rep_in_sector": 5.0, "island": "Falalus", "fishing_type": null, "fishing_method": null }, "geometry": { "type": "MultiPolygon", "coordinates": [ [ [ [ 143.839762634248615, 7.328088799464387 ], [ 143.840409544000011, 7.327796625 ], [ 143.880537820000029, 7.356838881 ], [ 143.87920779, 7.35629194 ], [ 143.876534115, 7.356605628 ], [ 143.837217878000018, 7.328776052 ], [ 143.837884100396138, 7.328655413713694 ], [ 143.8387531, 7.3286398 ], [ 143.8396134, 7.3282241 ], [ 143.839762634248615, 7.328088799464387 ] ] ] ] } },
{ "type": "Feature", "properties": { "resp_id": 11249.0, "sector": "Maritime Activity", "number_of_ppl": 18.0, "rep_in_sector": 18.0, "island": "Falalus", "fishing_type": null, "fishing_method": null }, "geometry": { "type": "MultiPolygon", "coordinates": [ [ [ [ 143.879019331982761, 7.356317606813867 ], [ 143.878648296, 7.356238294 ], [ 143.87791094100001, 7.356338749 ], [ 143.87686558300004, 7.356565467 ], [ 143.876132483, 7.356637342 ], [ 143.864022010000042, 7.345937281 ], [ 143.838357611604067, 7.328646906127952 ], [ 143.8387531, 7.3286398 ], [ 143.8396134, 7.3282241 ], [ 143.839847825637634, 7.328011562171613 ], [ 143.840784066999987, 7.327721402 ], [ 143.880339934, 7.356711144 ], [ 143.879385651000035, 7.356395911 ], [ 143.87905456061219, 7.356325137283759 ], [ 143.879030199999988, 7.3563159 ], [ 143.879019331982761, 7.356317606813867 ] ] ] ] } },
{ "type": "Feature", "properties": { "resp_id": 11252.0, "sector": "Maritime Activity", "number_of_ppl": 11.0, "rep_in_sector": 11.0, "island": "Tegailap", "fishing_type": null, "fishing_method": null }, "geometry": { "type": "MultiPolygon", "coordinates": [ [ [ [ 143.841478150914526, 7.327754185840236 ], [ 143.878671430999987, 7.356133071 ], [ 143.877919222, 7.356304072 ], [ 143.877222649, 7.356412828 ], [ 143.876698035, 7.356614608 ], [ 143.83938865070715, 7.328332699885047 ], [ 143.8396134, 7.3282241 ], [ 143.8400461, 7.3278318 ], [ 143.840304900000035, 7.3278007 ], [ 143.84079890000001, 7.3276996 ], [ 143.841104699999988, 7.327684 ], [ 143.8414732, 7.327754 ], [ 143.841478150914526, 7.327754185840236 ] ] ] ] } },
{ "type": "Feature", "properties": { "resp_id": 11253.0, "sector": "Maritime Activity", "number_of_ppl": 4.0, "rep_in_sector": 4.0, "island": "Tegailap", "fishing_type": null, "fishing_method": null }, "geometry": { "type": "MultiPolygon", "coordinates": [ [ [ [ 143.840430016354617, 7.327775094258831 ], [ 143.878397385999989, 7.356134394 ], [ 143.877350989, 7.356494036 ], [ 143.838855236, 7.328641275 ], [ 143.839491792946575, 7.328282861104179 ], [ 143.8396134, 7.3282241 ], [ 143.839641661353994, 7.328198477364023 ], [ 143.840372808517031, 7.327786802158003 ], [ 143.840430016354617, 7.327775094258831 ] ] ] ] } },
{ "type": "Feature", "properties": { "resp_id": 11250.0, "sector": "Maritime Activity", "number_of_ppl": 6.0, "rep_in_sector": 5.0, "island": "Falalus", "fishing_type": null, "fishing_method": null }, "geometry": { "type": "MultiPolygon", "coordinates": [ [ [ [ 143.835596378678957, 7.369065310770649 ], [ 143.835084433, 7.368733401 ], [ 143.83421117, 7.36804207 ], [ 143.837922862210405, 7.328654717297986 ], [ 143.8387531, 7.3286398 ], [ 143.839051978443166, 7.328495381153318 ], [ 143.839080475, 7.328486506 ], [ 143.839117222747149, 7.328463854896045 ], [ 143.8396134, 7.3282241 ], [ 143.839814775738745, 7.328041526293338 ], [ 143.840218697973967, 7.327811058915708 ], [ 143.840276544507702, 7.327804107487374 ], [ 143.837184750824918, 7.370197149269238 ], [ 143.837119540554625, 7.370165117513928 ], [ 143.835957696, 7.369299563 ], [ 143.835917500468469, 7.369273503127635 ], [ 143.8358174, 7.3691876 ], [ 143.835596378678957, 7.369065310770649 ] ] ] ] } },
{ "type": "Feature", "properties": { "resp_id": 11249.0, "sector": "Maritime Activity", "number_of_ppl": 18.0, "rep_in_sector": 18.0, "island": "Falalus", "fishing_type": null, "fishing_method": null }, "geometry": { "type": "MultiPolygon", "coordinates": [ [ [ [ 143.835393257900023, 7.368952925604821 ], [ 143.834860631999987, 7.368563953 ], [ 143.836153824, 7.361844016 ], [ 143.836742109999989, 7.352063527 ], [ 143.838389924000012, 7.338823883 ], [ 143.838714023549699, 7.3286405021403 ], [ 143.8387531, 7.3286398 ], [ 143.8396134, 7.3282241 ], [ 143.8400461, 7.3278318 ], [ 143.840304900000035, 7.3278007 ], [ 143.840407794174439, 7.327779642151378 ], [ 143.840500889, 7.327789381 ], [ 143.840841941205497, 7.327697404319926 ], [ 143.841104699999988, 7.327684 ], [ 143.8414732, 7.327754 ], [ 143.841490832015353, 7.327754661844726 ], [ 143.838666853, 7.371041024 ], [ 143.838175290622445, 7.370789440715777 ], [ 143.8380137, 7.37065 ], [ 143.837780422049406, 7.37052135881711 ], [ 143.837403087000013, 7.370227244 ], [ 143.837124087829153, 7.370167351168442 ], [ 143.837015829006702, 7.370114173624227 ], [ 143.836819236, 7.369883869 ], [ 143.836165418227495, 7.369486258245297 ], [ 143.8358174, 7.3691876 ], [ 143.835393257900023, 7.368952925604821 ] ] ] ] } },
{ "type": "Feature", "properties": { "resp_id": 11273.0, "sector": "Maritime Activity", "number_of_ppl": 8.0, "rep_in_sector": 8.0, "island": "Wottegai", "fishing_type": null, "fishing_method": null }, "geometry": { "type": "MultiPolygon", "coordinates": [ [ [ [ 143.837281219454184, 7.370246072766916 ], [ 143.836988100000013, 7.370069592 ], [ 143.838353110192031, 7.328646987007248 ], [ 143.8387531, 7.3286398 ], [ 143.8396134, 7.3282241 ], [ 143.8397783086846, 7.328074588512534 ], [ 143.840215926000013, 7.327906049 ], [ 143.839071207166285, 7.371315412551825 ], [ 143.839029836883412, 7.37129886991908 ], [ 143.838155856419547, 7.37077267044858 ], [ 143.8380137, 7.37065 ], [ 143.837281219454184, 7.370246072766916 ] ] ] ] } },
{ "type": "Feature", "properties": { "resp_id": 11270.0, "sector": "Maritime Activity", "number_of_ppl": 12.0, "rep_in_sector": 12.0, "island": "Wottegai", "fishing_type": null, "fishing_method": null }, "geometry": { "type": "MultiPolygon", "coordinates": [ [ [ [ 143.839128442665015, 7.371338299160904 ], [ 143.838893901, 7.371209157 ], [ 143.838413274778162, 7.328645905994001 ], [ 143.8387531, 7.3286398 ], [ 143.8396134, 7.3282241 ], [ 143.839925417660822, 7.327941214674627 ], [ 143.839937615, 7.327932963 ], [ 143.841185839, 7.371959195 ], [ 143.83963956539597, 7.371542680042171 ], [ 143.839128442665015, 7.371338299160904 ] ] ] ] } },
{ "type": "Feature", "properties": { "resp_id": 11271.0, "sector": "Maritime Activity", "number_of_ppl": 3.0, "rep_in_sector": 3.0, "island": "Wottegai", "fishing_type": null, "fishing_method": null }, "geometry": { "type": "MultiPolygon", "coordinates": [ [ [ [ 143.841040503620349, 7.371948779448847 ], [ 143.840043333000011, 7.371627133 ], [ 143.838749716942431, 7.328639860788179 ], [ 143.8387531, 7.3286398 ], [ 143.8396134, 7.3282241 ], [ 143.839897199957363, 7.327966797782857 ], [ 143.839902099, 7.327963901 ], [ 143.84120958256392, 7.37197976549751 ], [ 143.841040503620349, 7.371948779448847 ] ] ] ] } },
{ "type": "Feature", "properties": { "resp_id": 11272.0, "sector": "Maritime Activity", "number_of_ppl": 3.0, "rep_in_sector": 3.0, "island": "Wottegai", "fishing_type": null, "fishing_method": null }, "geometry": { "type": "MultiPolygon", "coordinates": [ [ [ [ 143.840018697925558, 7.32785664365142 ], [ 143.840883, 7.371856857 ], [ 143.838575475000027, 7.371078019 ], [ 143.838244027958069, 7.328648946932854 ], [ 143.8387531, 7.3286398 ], [ 143.839105427506354, 7.32846955439532 ], [ 143.839243829, 7.328454791 ], [ 143.839423575162328, 7.328315824239551 ], [ 143.8396134, 7.3282241 ], [ 143.840018697925558, 7.32785664365142 ] ] ] ] } },
{ "type": "Feature", "properties": { "resp_id": 11278.0, "sector": "Maritime Activity", "number_of_ppl": 6.0, "rep_in_sector": 6.0, "island": "Seliap", "fishing_type": null, "fishing_method": null }, "geometry": { "type": "MultiPolygon", "coordinates": [ [ [ [ 143.85133227977758, 7.37226919221172 ], [ 143.85015648800001, 7.372616164 ], [ 143.838041077034319, 7.328652593366058 ], [ 143.8387531, 7.3286398 ], [ 143.839132113636339, 7.32845665956861 ], [ 143.839160921, 7.328451983 ], [ 143.839209414820687, 7.328419307366313 ], [ 143.8396134, 7.3282241 ], [ 143.839944138250218, 7.327924241963184 ], [ 143.840019573, 7.327873413 ], [ 143.852718074, 7.371772443 ], [ 143.852082892214071, 7.372002562577557 ], [ 143.851744599999989, 7.372085 ], [ 143.8514883, 7.3720797 ], [ 143.85133227977758, 7.37226919221172 ] ] ] ] } },
{ "type": "Feature", "properties": { "resp_id": 11250.0, "sector": "Maritime Activity", "number_of_ppl": 6.0, "rep_in_sector": 5.0, "island": "Falalus", "fishing_type": null, "fishing_method": null }, "geometry": { "type": "MultiPolygon", "coordinates": [ [ [ [ 143.848617059047655, 7.372769409083695 ], [ 143.840879556, 7.345127595 ], [ 143.837904415147534, 7.328655048728304 ], [ 143.8387531, 7.3286398 ], [ 143.8396134, 7.3282241 ], [ 143.8399045495525, 7.327960134395958 ], [ 143.840014478, 7.327892382 ], [ 143.840487708000012, 7.327777356 ], [ 143.851702357908124, 7.372084126490398 ], [ 143.8514883, 7.3720797 ], [ 143.851283448050367, 7.372328500068877 ], [ 143.851170164, 7.372375208 ], [ 143.850183404, 7.372615425 ], [ 143.849408648, 7.372659407 ], [ 143.849172006921037, 7.372711372492365 ], [ 143.84886370000001, 7.3727143 ], [ 143.848617059047655, 7.372769409083695 ] ] ] ] } },
{ "type": "Feature", "properties": { "resp_id": 11277.0, "sector": "Maritime Activity", "number_of_ppl": 2.0, "rep_in_sector": 2.0, "island": "Seliap", "fishing_type": null, "fishing_method": null }, "geometry": { "type": "MultiPolygon", "coordinates": [ [ [ [ 143.851052247494522, 7.372408827473032 ], [ 143.838637241653601, 7.328641881776351 ], [ 143.8387531, 7.3286398 ], [ 143.8396134, 7.3282241 ], [ 143.839970923548037, 7.327899957514196 ], [ 143.840072471812476, 7.32782863090585 ], [ 143.840188306856788, 7.327814711018665 ], [ 143.852440014, 7.37181409 ], [ 143.851904108016896, 7.37204613000176 ], [ 143.851744599999989, 7.372085 ], [ 143.8514883, 7.3720797 ], [ 143.851300892639387, 7.372307313001864 ], [ 143.851085665081683, 7.372400502960777 ], [ 143.851052247494522, 7.372408827473032 ] ] ] ] } },
{ "type": "Feature", "properties": { "resp_id": 11275.0, "sector": "Maritime Activity", "number_of_ppl": 18.0, "rep_in_sector": 18.0, "island": "Seliap", "fishing_type": null, "fishing_method": null }, "geometry": { "type": "MultiPolygon", "coordinates": [ [ [ [ 143.85137254586283, 7.372220287613294 ], [ 143.851254317000013, 7.372263755 ], [ 143.843335886, 7.34750319 ], [ 143.841607224, 7.342492848 ], [ 143.838807011651198, 7.328613749770413 ], [ 143.8396134, 7.3282241 ], [ 143.839921254954447, 7.327944988722908 ], [ 143.840143584149075, 7.327820085346169 ], [ 143.840304900000035, 7.3278007 ], [ 143.840354489396844, 7.327790551265227 ], [ 143.85306849700001, 7.371596759 ], [ 143.851740737184116, 7.37208492012233 ], [ 143.8514883, 7.3720797 ], [ 143.85137254586283, 7.372220287613294 ] ] ] ] } },
{ "type": "Feature", "properties": { "resp_id": 11249.0, "sector": "Maritime Activity", "number_of_ppl": 18.0, "rep_in_sector": 18.0, "island": "Falalus", "fishing_type": null, "fishing_method": null }, "geometry": { "type": "MultiPolygon", "coordinates": [ [ [ [ 143.841714774916937, 7.327763067824947 ], [ 143.841839536, 7.327853191 ], [ 143.84167478890879, 7.32776156690767 ], [ 143.841714774916937, 7.327763067824947 ] ] ], [ [ [ 143.849319945864266, 7.372709967673103 ], [ 143.839721344520996, 7.328126234063188 ], [ 143.839878943514265, 7.327983349678759 ], [ 143.841014398243033, 7.327688606651446 ], [ 143.841104699999988, 7.327684 ], [ 143.8414732, 7.327754 ], [ 143.841610839071421, 7.32775916647526 ], [ 143.847206891000013, 7.35235071 ], [ 143.850440848, 7.365981345 ], [ 143.852070624792049, 7.372005551994079 ], [ 143.851744599999989, 7.372085 ], [ 143.8514883, 7.3720797 ], [ 143.8512599, 7.3723571 ], [ 143.8498641, 7.3727048 ], [ 143.849319945864266, 7.372709967673103 ] ] ] ] } },
{ "type": "Feature", "properties": { "resp_id": 11278.0, "sector": "Fishing", "number_of_ppl": 6.0, "rep_in_sector": 2.0, "island": "Seliap", "fishing_type": "Subsistence/Artisanal,Traditional", "fishing_method": "Bottom FIshing,Spear/Harpoon,Trolling,Trap" }, "geometry": { "type": "MultiPolygon", "coordinates": [ [ [ [ 143.840066818, 7.368783257 ], [ 143.829982503, 7.363504391 ], [ 143.822986891999989, 7.353872499 ], [ 143.844271919, 7.33412494 ], [ 143.895149348, 7.32933891 ], [ 143.900238372, 7.354996996 ], [ 143.888883716000038, 7.354605193 ], [ 143.882243398000043, 7.344056091 ], [ 143.855031873, 7.369091919 ], [ 143.846706426999987, 7.371586922 ], [ 143.840066818, 7.368783257 ] ], [ [ 143.8305504, 7.3520977 ], [ 143.8308034, 7.3513236 ], [ 143.8300312, 7.3515859 ], [ 143.8300346, 7.3521009 ], [ 143.8305504, 7.3520977 ] ], [ [ 143.8754519, 7.3341295 ], [ 143.8758713, 7.3341719 ], [ 143.875780099999986, 7.3338932 ], [ 143.874926499999987, 7.3335851 ], [ 143.874046099999987, 7.3335064 ], [ 143.8738691, 7.3337661 ], [ 143.874124200000011, 7.33408 ], [ 143.8748792, 7.3340565 ], [ 143.8754519, 7.3341295 ] ], [ [ 143.8904915, 7.3448338 ], [ 143.8909014, 7.3448343 ], [ 143.8910622, 7.3445722 ], [ 143.8909333, 7.3443814 ], [ 143.890674, 7.3443156 ], [ 143.890417500000012, 7.3443848 ], [ 143.890344700000014, 7.3446033 ], [ 143.8904915, 7.3448338 ] ] ] ] } },
{ "type": "Feature", "properties": { "resp_id": 11249.0, "sector": "Maritime Activity", "number_of_ppl": 18.0, "rep_in_sector": 18.0, "island": "Falalus", "fishing_type": null, "fishing_method": null }, "geometry": { "type": "MultiPolygon", "coordinates": [ [ [ [ 143.841020368831295, 7.327688302068575 ], [ 143.909151515, 7.365605992 ], [ 143.908665796, 7.366102072 ], [ 143.908186182000037, 7.36637053 ], [ 143.907788918, 7.366434813 ], [ 143.906994389, 7.367094236 ], [ 143.906792704, 7.367852712 ], [ 143.906343971000013, 7.36836618 ], [ 143.904940199, 7.369685028 ], [ 143.904135376, 7.370017775 ], [ 143.903330554, 7.370350522 ], [ 143.838438499706058, 7.328645452760194 ], [ 143.8387531, 7.3286398 ], [ 143.839039191895608, 7.328501559652557 ], [ 143.839414866, 7.328341167 ], [ 143.839507747330373, 7.328275151873115 ], [ 143.8396134, 7.3282241 ], [ 143.839736128266935, 7.328112830643449 ], [ 143.839870381999987, 7.32801741 ], [ 143.840437573, 7.327848513 ], [ 143.840966339350928, 7.327691058319123 ], [ 143.841020368831295, 7.327688302068575 ] ] ] ] } },
{ "type": "Feature", "properties": { "resp_id": 11250.0, "sector": "Maritime Activity", "number_of_ppl": 6.0, "rep_in_sector": 5.0, "island": "Falalus", "fishing_type": null, "fishing_method": null }, "geometry": { "type": "MultiPolygon", "coordinates": [ [ [ [ 143.906987699955693, 7.367446320359967 ], [ 143.906322039, 7.368496197 ], [ 143.90502558, 7.369489248 ], [ 143.904378519, 7.369832497 ], [ 143.903731457, 7.370175746 ], [ 143.837151952, 7.328668281 ], [ 143.83803128, 7.328669822 ], [ 143.838130724753, 7.328650982670556 ], [ 143.8387531, 7.3286398 ], [ 143.8396134, 7.3282241 ], [ 143.839858341709316, 7.328002027954979 ], [ 143.840107021647185, 7.327824479058412 ], [ 143.840232512422176, 7.327809398831681 ], [ 143.908362605, 7.366293259 ], [ 143.9077777, 7.366478011 ], [ 143.907700453790568, 7.366559019973171 ], [ 143.9076762, 7.3665671 ], [ 143.907618178317165, 7.366645303145228 ], [ 143.907550521347787, 7.366716255698751 ], [ 143.9073316, 7.366908 ], [ 143.9071299, 7.3671529 ], [ 143.907004, 7.3674047 ], [ 143.906987699955693, 7.367446320359967 ] ] ] ] } },
{ "type": "Feature", "properties": { "resp_id": 11193.0, "sector": "Maritime Activity", "number_of_ppl": 7.0, "rep_in_sector": 7.0, "island": "Falalop (Woleai)", "fishing_type": null, "fishing_method": null }, "geometry": { "type": "MultiPolygon", "coordinates": [ [ [ [ 143.905035551302404, 7.369730690907363 ], [ 143.83830235100001, 7.328654787 ], [ 143.838334800165427, 7.328647315992904 ], [ 143.8387531, 7.3286398 ], [ 143.839104108309641, 7.328470191835486 ], [ 143.841817564, 7.327845439 ], [ 143.874829838000011, 7.347465726 ], [ 143.905786938, 7.367392472 ], [ 143.905166767545495, 7.369622620180916 ], [ 143.9050981, 7.3696872 ], [ 143.905035551302404, 7.369730690907363 ] ] ] ] } },
{ "type": "Feature", "properties": { "resp_id": 11275.0, "sector": "Fishing", "number_of_ppl": 18.0, "rep_in_sector": 5.0, "island": "Seliap", "fishing_type": "Subsistence/Artisanal,Traditional", "fishing_method": "Bottom FIshing,Spear/Harpoon,Trap,Trolling" }, "geometry": { "type": "MultiPolygon", "coordinates": [ [ [ [ 143.836830565000014, 7.365827553 ], [ 143.83105715, 7.351755517 ], [ 143.846224598, 7.326230608 ], [ 143.883041266, 7.327377372 ], [ 143.903303824, 7.341743629 ], [ 143.889862774, 7.346586064 ], [ 143.875091676000011, 7.346126578 ], [ 143.856695029, 7.366118694 ], [ 143.84632245200001, 7.370485784 ], [ 143.836830565000014, 7.365827553 ] ], [ [ 143.8754519, 7.3341295 ], [ 143.8758713, 7.3341719 ], [ 143.875780099999986, 7.3338932 ], [ 143.874926499999987, 7.3335851 ], [ 143.874046099999987, 7.3335064 ], [ 143.8738691, 7.3337661 ], [ 143.874124200000011, 7.33408 ], [ 143.8748792, 7.3340565 ], [ 143.8754519, 7.3341295 ] ], [ [ 143.8904915, 7.3448338 ], [ 143.8909014, 7.3448343 ], [ 143.8910622, 7.3445722 ], [ 143.8909333, 7.3443814 ], [ 143.890674, 7.3443156 ], [ 143.890417500000012, 7.3443848 ], [ 143.890344700000014, 7.3446033 ], [ 143.8904915, 7.3448338 ] ] ] ] } },
{ "type": "Feature", "properties": { "resp_id": 11402.0, "sector": "Maritime Activity", "number_of_ppl": 6.0, "rep_in_sector": 6.0, "island": "Falalop (Woleai)", "fishing_type": null, "fishing_method": null }, "geometry": { "type": "MultiPolygon", "coordinates": [ [ [ [ 143.839842012869639, 7.328016832218102 ], [ 143.840137507, 7.327849461 ], [ 143.873470191, 7.346370613 ], [ 143.877113666000014, 7.34976408 ], [ 143.880923723, 7.35257236 ], [ 143.888703501000037, 7.358109736 ], [ 143.903464735999989, 7.370292912 ], [ 143.901810688000012, 7.370408487 ], [ 143.886639267000021, 7.358513862 ], [ 143.879173304, 7.35304159 ], [ 143.870869105999986, 7.347569307 ], [ 143.837851118156465, 7.328655054894898 ], [ 143.8378626, 7.3286558 ], [ 143.8387531, 7.3286398 ], [ 143.8396134, 7.3282241 ], [ 143.839842012869639, 7.328016832218102 ] ] ] ] } },
{ "type": "Feature", "properties": { "resp_id": 11199.0, "sector": "Maritime Activity", "number_of_ppl": 3.0, "rep_in_sector": 3.0, "island": "Falalop (Woleai)", "fishing_type": null, "fishing_method": null }, "geometry": { "type": "MultiPolygon", "coordinates": [ [ [ [ 143.90246315600001, 7.369745024 ], [ 143.836351379, 7.330181627 ], [ 143.843746934, 7.329070244 ], [ 143.905824771999988, 7.366855682 ], [ 143.90246315600001, 7.369745024 ] ] ] ] } },
{ "type": "Feature", "properties": { "resp_id": 11290.0, "sector": "Fishing", "number_of_ppl": 6.0, "rep_in_sector": 6.0, "island": "Tegailap", "fishing_type": "Subsistence/Artisanal", "fishing_method": "Bottom FIshing,Spear/Harpoon,Jigging (Traditional drop-stone)" }, "geometry": { "type": "MultiPolygon", "coordinates": [ [ [ [ 143.873483336, 7.335438157 ], [ 143.892017337999988, 7.346170273 ], [ 143.886662151, 7.360960758 ], [ 143.873483336, 7.335438157 ] ] ] ] } },
{ "type": "Feature", "properties": { "resp_id": 11211.0, "sector": "Community Recreational Use", "number_of_ppl": 20.0, "rep_in_sector": 20.0, "island": "Falalop (Woleai)", "fishing_type": null, "fishing_method": null }, "geometry": { "type": "MultiPolygon", "coordinates": [ [ [ [ 143.8904915, 7.3448338 ], [ 143.890827294488901, 7.344834209632913 ], [ 143.89073822, 7.344961227 ], [ 143.890477363, 7.344956766 ], [ 143.889744264, 7.344956766 ], [ 143.889915171000013, 7.344738195 ], [ 143.890047286, 7.344606049 ], [ 143.890320229999986, 7.344595733 ], [ 143.890352023702661, 7.344581318842339 ], [ 143.890344700000014, 7.3446033 ], [ 143.8904915, 7.3448338 ] ] ] ] } },
{ "type": "Feature", "properties": { "resp_id": 11253.0, "sector": "Fishing", "number_of_ppl": 4.0, "rep_in_sector": 2.0, "island": "Tegailap", "fishing_type": "Subsistence/Artisanal,Traditional", "fishing_method": "Bottom FIshing,Casting,Spear/Harpoon,Trolling" }, "geometry": { "type": "MultiPolygon", "coordinates": [ [ [ [ 143.879058808, 7.33352799 ], [ 143.900665503999988, 7.342855529 ], [ 143.890475074, 7.359526598 ], [ 143.869404076, 7.352442675 ], [ 143.879058808, 7.33352799 ] ], [ [ 143.8904915, 7.3448338 ], [ 143.8909014, 7.3448343 ], [ 143.8910622, 7.3445722 ], [ 143.8909333, 7.3443814 ], [ 143.890674, 7.3443156 ], [ 143.890417500000012, 7.3443848 ], [ 143.890344700000014, 7.3446033 ], [ 143.8904915, 7.3448338 ] ] ] ] } },
{ "type": "Feature", "properties": { "resp_id": 11193.0, "sector": "Community Recreational Use", "number_of_ppl": 7.0, "rep_in_sector": 7.0, "island": "Falalop (Woleai)", "fishing_type": null, "fishing_method": null }, "geometry": { "type": "MultiPolygon", "coordinates": [ [ [ [ 143.890434311037467, 7.344744004013221 ], [ 143.890354905, 7.344735968 ], [ 143.890382424831557, 7.344662534180447 ], [ 143.890434311037467, 7.344744004013221 ] ] ], [ [ [ 143.890494269203373, 7.344364088793852 ], [ 143.890501575, 7.344344594 ], [ 143.890525556249088, 7.344355648003081 ], [ 143.890494269203373, 7.344364088793852 ] ] ] ] } },
{ "type": "Feature", "properties": { "resp_id": 11199.0, "sector": "Fishing", "number_of_ppl": 3.0, "rep_in_sector": 3.0, "island": "Falalop (Woleai)", "fishing_type": "Subsistence/Artisanal", "fishing_method": "Bottom FIshing,Casting,Cast Net,Fish fence/Gill net,Spear/Harpoon,Trolling" }, "geometry": { "type": "MultiPolygon", "coordinates": [ [ [ [ 143.884020321, 7.343268254 ], [ 143.887462532, 7.339638177 ], [ 143.891950477, 7.337563849 ], [ 143.896656283999988, 7.339767815 ], [ 143.898573464, 7.345083276 ], [ 143.89966277100001, 7.348670075 ], [ 143.892037622, 7.350874013 ], [ 143.887070381, 7.347762565 ], [ 143.884020321, 7.343268254 ] ], [ [ 143.8904915, 7.3448338 ], [ 143.8909014, 7.3448343 ], [ 143.8910622, 7.3445722 ], [ 143.8909333, 7.3443814 ], [ 143.890674, 7.3443156 ], [ 143.890417500000012, 7.3443848 ], [ 143.890344700000014, 7.3446033 ], [ 143.8904915, 7.3448338 ] ] ] ] } },
{ "type": "Feature", "properties": { "resp_id": 11211.0, "sector": "Community Recreational Use", "number_of_ppl": 20.0, "rep_in_sector": 20.0, "island": "Falalop (Woleai)", "fishing_type": null, "fishing_method": null }, "geometry": { "type": "MultiPolygon", "coordinates": [ [ [ [ 143.909378336665668, 7.34461357846762 ], [ 143.909174756999988, 7.345116004 ], [ 143.908243801999987, 7.343782324 ], [ 143.910519469, 7.343023151 ], [ 143.910408063718336, 7.343642865239998 ], [ 143.9096745, 7.3434797 ], [ 143.9094165, 7.3434814 ], [ 143.9090003, 7.3435827 ], [ 143.908980529099551, 7.343689910285262 ], [ 143.908957534, 7.343689992 ], [ 143.908927076577925, 7.343979763289266 ], [ 143.9089066, 7.3440908 ], [ 143.908914629561821, 7.344098183835938 ], [ 143.908887713000013, 7.344354267 ], [ 143.909332859698623, 7.344540277632236 ], [ 143.909378336665668, 7.34461357846762 ] ] ] ] } },
{ "type": "Feature", "properties": { "resp_id": 11193.0, "sector": "Community Recreational Use", "number_of_ppl": 7.0, "rep_in_sector": 7.0, "island": "Falalop (Woleai)", "fishing_type": null, "fishing_method": null }, "geometry": { "type": "MultiPolygon", "coordinates": [ [ [ [ 143.912453502947642, 7.352998226126739 ], [ 143.912300648000013, 7.354550609 ], [ 143.912192434, 7.355835373 ], [ 143.911032231, 7.355919057 ], [ 143.911705769, 7.354479937 ], [ 143.911570084, 7.353212796 ], [ 143.910951906, 7.35010525 ], [ 143.910160322, 7.34705503 ], [ 143.90873292, 7.344119464 ], [ 143.909846722659637, 7.345204399254272 ], [ 143.9101679, 7.3457068 ], [ 143.910245472681794, 7.345762949880011 ], [ 143.910483772, 7.346117465 ], [ 143.910613354740576, 7.346430195573697 ], [ 143.910991599999988, 7.3477201 ], [ 143.911095371789401, 7.347985587584589 ], [ 143.911728353, 7.350354017 ], [ 143.912089844002622, 7.350514296930271 ], [ 143.91218746765054, 7.350592481540816 ], [ 143.912295269999987, 7.350986884 ], [ 143.912371738, 7.351713896 ], [ 143.912448869256878, 7.352648860448456 ], [ 143.912453502947642, 7.352998226126739 ] ] ] ] } },
{ "type": "Feature", "properties": { "resp_id": 11402.0, "sector": "Community Recreational Use", "number_of_ppl": 6.0, "rep_in_sector": 6.0, "island": "Falalop (Woleai)", "fishing_type": null, "fishing_method": null }, "geometry": { "type": "MultiPolygon", "coordinates": [ [ [ [ 143.912463342730092, 7.353740112887896 ], [ 143.912428967000011, 7.354538459 ], [ 143.91219108300001, 7.355855737 ], [ 143.911345270999988, 7.355986808 ], [ 143.911778089, 7.354623657 ], [ 143.911893727, 7.35284108 ], [ 143.911120603, 7.349852638 ], [ 143.910188889000011, 7.346837979 ], [ 143.908649247, 7.34463597 ], [ 143.908947677105601, 7.344128573739353 ], [ 143.9092498, 7.3444064 ], [ 143.9095543, 7.3448972 ], [ 143.909786237678162, 7.345125741309339 ], [ 143.909937732617919, 7.345346761462449 ], [ 143.9101679, 7.3457068 ], [ 143.910200877688823, 7.345730670433347 ], [ 143.910563258729411, 7.346259355923106 ], [ 143.910991599999988, 7.3477201 ], [ 143.911397599999987, 7.3487588 ], [ 143.9118375, 7.3503122 ], [ 143.911878532918337, 7.350345062411367 ], [ 143.912446444352895, 7.352466030111223 ], [ 143.912463342730092, 7.353740112887896 ] ] ] ] } },
{ "type": "Feature", "properties": { "resp_id": 11183.0, "sector": "Fishing", "number_of_ppl": 10.0, "rep_in_sector": 10.0, "island": "Falalop (Woleai)", "fishing_type": null, "fishing_method": null }, "geometry": { "type": "MultiPolygon", "coordinates": [ [ [ [ 143.914980199732639, 7.359387402352557 ], [ 143.915033228999988, 7.35820407 ], [ 143.914275086, 7.357619259 ], [ 143.914232967, 7.356616725 ], [ 143.914477377652958, 7.356199871407286 ], [ 143.914640100000014, 7.3561235 ], [ 143.914848065436672, 7.355567644621869 ], [ 143.915033228999988, 7.355251838 ], [ 143.915001212409152, 7.354997813154435 ], [ 143.9150094, 7.354951 ], [ 143.914970870922104, 7.354757078584885 ], [ 143.914780515, 7.353246756 ], [ 143.91368542, 7.34944543 ], [ 143.912084897, 7.34476683 ], [ 143.911494673, 7.344223222 ], [ 143.911403744943669, 7.344171689591773 ], [ 143.9110282, 7.3437808 ], [ 143.910511074911199, 7.343665777726831 ], [ 143.910020507000013, 7.343387752 ], [ 143.909648995835511, 7.343479868057257 ], [ 143.9094165, 7.3434814 ], [ 143.9090003, 7.3435827 ], [ 143.908989089434243, 7.343643490760808 ], [ 143.908841174, 7.343680166 ], [ 143.90892615496702, 7.34398476083674 ], [ 143.9089066, 7.3440908 ], [ 143.908972697614814, 7.344151582127467 ], [ 143.909114613000014, 7.344660244 ], [ 143.910662132999988, 7.347057911 ], [ 143.911715109, 7.350487815 ], [ 143.912220537, 7.352200501 ], [ 143.912052061, 7.355124582 ], [ 143.911883585, 7.356795477 ], [ 143.911841466, 7.358675227 ], [ 143.911630871, 7.360596741 ], [ 143.910535775999989, 7.362392931 ], [ 143.906871421, 7.362267619 ], [ 143.905481493, 7.361473954 ], [ 143.904091566, 7.357171432 ], [ 143.901185353000017, 7.348314463 ], [ 143.900469329, 7.341588943 ], [ 143.903965207999988, 7.336993809 ], [ 143.913052414, 7.339700282 ], [ 143.916042865, 7.343309016 ], [ 143.918233054000012, 7.349992736 ], [ 143.919104485, 7.358122563 ], [ 143.918135748, 7.362174446 ], [ 143.914527827398445, 7.361680904124909 ], [ 143.9147395, 7.3611907 ], [ 143.914871010896633, 7.360343319327443 ], [ 143.914948991000017, 7.360083813 ], [ 143.91496429892797, 7.359742222856048 ], [ 143.9149932, 7.359556 ], [ 143.914980199732639, 7.359387402352557 ] ] ] ] } },
{ "type": "Feature", "properties": { "resp_id": 11402.0, "sector": "Fishing", "number_of_ppl": 6.0, "rep_in_sector": 2.0, "island": "Falalop (Woleai)", "fishing_type": "Subsistence/Artisanal,Traditional", "fishing_method": "Bottom FIshing,Casting,Spear/Harpoon,Trolling" }, "geometry": { "type": "MultiPolygon", "coordinates": [ [ [ [ 143.888070269999986, 7.357576522 ], [ 143.871602067, 7.35355617 ], [ 143.855387222, 7.318879122 ], [ 143.914926107000014, 7.307068207 ], [ 143.946936776, 7.336233818 ], [ 143.917277791, 7.340019932 ], [ 143.90903558, 7.339651474 ], [ 143.900286655, 7.346821404 ], [ 143.888070269999986, 7.357576522 ] ], [ [ 143.8754519, 7.3341295 ], [ 143.8758713, 7.3341719 ], [ 143.875780099999986, 7.3338932 ], [ 143.874926499999987, 7.3335851 ], [ 143.874046099999987, 7.3335064 ], [ 143.8738691, 7.3337661 ], [ 143.874124200000011, 7.33408 ], [ 143.8748792, 7.3340565 ], [ 143.8754519, 7.3341295 ] ], [ [ 143.8904915, 7.3448338 ], [ 143.8909014, 7.3448343 ], [ 143.8910622, 7.3445722 ], [ 143.8909333, 7.3443814 ], [ 143.890674, 7.3443156 ], [ 143.890417500000012, 7.3443848 ], [ 143.890344700000014, 7.3446033 ], [ 143.8904915, 7.3448338 ] ] ] ] } },
{ "type": "Feature", "properties": { "resp_id": 11250.0, "sector": "Fishing", "number_of_ppl": 6.0, "rep_in_sector": 3.0, "island": "Falalus", "fishing_type": "Subsistence/Artisanal,Traditional", "fishing_method": "Bottom FIshing,Casting,Spear/Harpoon,Trolling" }, "geometry": { "type": "MultiPolygon", "coordinates": [ [ [ [ 143.849093090999986, 7.32557884 ], [ 143.830434819, 7.319571624 ], [ 143.837614835000011, 7.304407889 ], [ 143.862233694, 7.319822094 ], [ 143.849093090999986, 7.32557884 ] ] ] ] } },
{ "type": "Feature", "properties": { "resp_id": 11249.0, "sector": "Fishing", "number_of_ppl": 18.0, "rep_in_sector": 5.0, "island": "Falalus", "fishing_type": "Subsistence/Artisanal,Traditional", "fishing_method": "Bottom FIshing,Casting,Spear/Harpoon" }, "geometry": { "type": "MultiPolygon", "coordinates": [ [ [ [ 143.822379399999988, 7.335354317 ], [ 143.818162548, 7.298234422 ], [ 143.871400423000011, 7.303671897 ], [ 143.862545014, 7.325525692 ], [ 143.837665531999988, 7.322284288 ], [ 143.822379399999988, 7.335354317 ] ] ] ] } }
]
}
