{
  "overlap": 9115.302494,
  "overlapPerc": 0.00007930114590730014
}