{
  "overlap": 730836.910624,
  "overlapPerc": 0.11805512737484888
}