{
  "overlap": 69916.008316,
  "overlapPerc": 0.004466785535887226
}